m_bar,vmax,r_vmax,g_bar,g_obs
61287511071744.91,999.385,483.9503985828166,3.648407893841317e-11,6.688228483512835e-11
7121517567168.586,514.776,555.360200767641,3.2192607087840973e-12,1.5463511726654934e-11
813315618541.4822,461.641,104.78520814880424,1.0327429935810889e-11,6.591056967048971e-11
422041629760.8503,291.937,3.407440212577502,5.067945179694776e-09,8.105808452179171e-10
272685710067.90668,294.433,62.14703277236492,9.843616587685181e-12,4.520629030185627e-11
222567168585.76913,311.58,112.70711544139357,2.4428203934438223e-12,2.7914773644856247e-11
315124003542.9584,369.447,32.22689695896074,4.23036275826432e-11,1.3725624000855574e-10
192950560968.4086,336.254,3.004133451431946,2.980854025151504e-09,1.219725200703322e-09
223330439917.33096,329.114,2.454827280779451,5.167008133255497e-09,1.4299408473557679e-09
201116031886.62534,290.874,22.59300265721878,5.493281952813774e-11,1.213618400741183e-10
263010924121.64157,306.552,1.898730439917331,1.0171389072437949e-08,1.6039517300868423e-09
260188957779.7461,352.194,3.0578683200472394,3.8795772866647806e-09,1.3145933345934806e-09
83734868615.29378,268.099,3.032034248597579,1.2699050311316067e-09,7.682500285326998e-10
97074106879.24417,301.771,2.687333923826395,1.8741020696028523e-09,1.0981955232953084e-09
168427812223.2064,321.888,3.218039563035134,2.2675880262193935e-09,1.04343282122597e-09
81290389725.42073,236.495,3.3309713610865077,1.0214815197302132e-09,5.441508692836804e-10
100686108650.72336,300.347,2.430912311780337,2.3755494531698297e-09,1.2026066556451173e-09
84759403602.00768,258.657,2.4278122232063772,2.0048912051527025e-09,8.930580266564276e-10
88419545320.34248,209.173,3.284617655742545,1.1426460878534437e-09,4.3169073398754753e-10
132973132565.69235,278.622,2.984794803661057,2.0809806684365412e-09,8.428739472017176e-10
81270298198.99615,195.947,30.052996752288163,1.2545540887293726e-11,4.140337579585091e-11
109763950398.58281,244.642,2.797313256569235,1.9557377906154906e-09,6.933734899659548e-10
48105521110.12696,251.975,2.2463832299970474,1.3291081856213099e-09,9.15961793774405e-10
107320194862.71036,330.301,2.8848538529672276,1.7979057652117683e-09,1.2255816783782357e-09
86710067906.70209,194.342,5.195157956894007,4.479248106588966e-10,2.3560303378989186e-10
67762178919.3977,252.448,2.7283731916149985,1.2691499033130532e-09,7.569834675496878e-10
53359875996.45704,196.281,3.7121346324180693,5.398840281960939e-10,3.363404527422303e-10
46766533805.72778,193.523,2.94390315913788,7.523522931822957e-10,4.122759067982927e-10
44619146737.52583,234.668,2.7344257454974903,8.319976465950862e-10,6.526613712302151e-10
34964157071.15441,196.951,3.804694419840567,3.3675697944274395e-10,3.3040217572615703e-10
51341157366.40095,235.607,3.6817242397401833,5.280757769670052e-10,4.886202048847961e-10
77012400354.29584,256.841,3.009743135518158,1.1853180569317096e-09,7.103061439163833e-10
48376173604.960144,199.858,4.154266312370829,3.908192546725565e-10,3.1159827140700003e-10
39299232359.01978,199.2,2.383525243578388,9.64445434067904e-10,5.39517097045894e-10
51320047239.44494,243.611,2.192500738116327,1.4884719564553317e-09,8.772034686028985e-10
41275907883.082375,232.564,3.5801594331266604,4.489779429204324e-10,4.895859085011662e-10
31250310008.857395,184.406,8.311927959846471,6.306434577433598e-11,1.325850705598021e-10
48622040153.528206,151.953,10.817980513728964,5.792604719513283e-11,6.917014119289919e-11
24905831118.984352,152.978,10.200029524653086,3.337576946428698e-11,7.435374165776131e-11
27017936226.749336,185.357,2.975199291408326,4.2555250779147983e-10,3.7423829094564397e-10
28624298789.489223,231.828,2.7347209920283437,5.336320600283839e-10,6.368909125491746e-10
61662031296.13226,232.509,2.6617950989075876,1.2133935748855831e-09,6.581899019828457e-10
39623575435.48863,140.307,20.4501033362858,1.3209785133384385e-11,3.1196758441635033e-11
35239769707.70593,198.514,4.589754945379392,2.332314812479938e-10,2.7825250432519773e-10
24690138765.8695,206.231,3.209625036905816,3.341550572925693e-10,4.294374305824948e-10
45522733982.8757,240.498,2.7630646589902566,8.313412813501309e-10,6.783880508615708e-10
25029377029.8199,204.784,3.3293475051668144,3.148218675852605e-10,4.082058415732967e-10
29656628284.617657,203.717,2.2900797165633304,7.884128230101288e-10,5.872868049403031e-10
39295010333.62858,148.867,20.264540891644522,1.3341263909815708e-11,3.5441035587456245e-11
31664747564.21612,203.528,2.4945379391792146,7.094616244204045e-10,5.38151451433804e-10
29699822852.08149,181.006,4.955417773841157,1.6862672922355276e-10,2.1426536130953316e-10
34259093593.15028,146.705,8.120165338057278,7.244013147684495e-11,8.589566745820778e-11
33119131975.19929,172.495,3.6594331266607614,3.4481362734005724e-10,2.635029649520562e-10
42635222911.13079,224.02,2.717596693238854,8.048809209146393e-10,5.984596577386261e-10
42092559787.4225,159.616,4.874963094183643,2.4694246485398897e-10,1.69366617265409e-10
42530410392.67789,230.48,2.72217301446708,8.002049441000662e-10,6.324075784081871e-10
19383968113.37467,182.374,2.9849424269264833,3.0332197462987974e-10,3.611072331841464e-10
38634780041.33451,227.021,2.1715382344257455,1.1422905631439847e-09,7.691497155864159e-10
38257750221.4349,236.621,1.6995866548568055,1.8465705649320106e-09,1.0676024407384237e-09
31497933274.284027,191.764,2.752878653675819,5.794834379109405e-10,4.329057869844159e-10
43790374963.094185,247.115,2.394154118689105,1.0651421282802287e-09,8.265943109021481e-10
26872733982.8757,146.784,3.6771479185119573,2.770912157221021e-10,1.898858644594483e-10
15891452612.931797,135.634,4.0918216710953645,1.3233152175431214e-10,1.4570241188522044e-10
44356214939.474464,246.814,1.9313551815766166,1.65791891690128e-09,1.0221714141442171e-09
36849852376.73457,145.765,19.044877472689695,1.4164866712899168e-11,3.615552153303085e-11
13661927959.846472,130.568,10.127251254797756,1.8572139067483385e-11,5.455420334848044e-11
34447003247.71184,243.908,2.540596397992324,7.440689738391684e-10,7.588618349662479e-10
29683643342.19073,208.911,2.799232359019782,5.281683958679076e-10,5.052775068250689e-10
28190434012.400352,222.435,2.019191024505462,9.640067032463334e-10,7.94099899165418e-10
19312444641.275467,138.098,11.562739887806318,2.0139507488019915e-11,5.345155220871447e-11
16815618541.482138,182.393,2.48774726896959,3.788204681045872e-10,4.333675359195735e-10
19743947446.117508,170.284,6.508266902863891,6.498848040562334e-11,1.4438717890969e-10
30724254502.509594,197.658,2.0978742249778564,9.733198160972747e-10,6.035255293643975e-10
18921095364.629463,138.022,6.723649247121346,5.83538186517555e-11,9.182012559196892e-11
27399763802.77532,180.795,4.149394744611751,2.2187604695651386e-10,2.5529033790667674e-10
11069146737.525833,153.955,4.089607322113966,9.227499514623646e-11,1.87824519246496e-10
11555373486.861528,147.594,3.6169176262178917,1.2315154278567283e-10,1.9518439248100384e-10
8458119279.598465,131.331,6.929288455860644,2.4560071665617743e-11,8.066630443088485e-11
11433156185.414822,137.579,14.175228816061411,7.933029807518176e-12,4.3273350102205207e-11
18524653085.32625,160.187,4.151018600531444,1.4989040411850674e-10,2.0033007607243472e-10
31404635370.534397,217.298,2.4633894301741956,7.21540501295668e-10,6.211903265480145e-10
31020667257.15973,199.081,2.823147328018896,5.426466866866401e-10,4.5495912912219164e-10
30718305284.912903,171.286,7.582226158842633,7.449667502998124e-11,1.2539877683302254e-10
15865662828.461765,144.555,6.941098317094775,4.5912922128980896e-11,9.75628188088294e-11
14465943312.666077,113.675,19.012400354295835,5.5796372230301985e-12,2.2026184582659772e-11
14864481842.338352,153.653,7.142161204605846,4.06278260071279e-11,1.0712694973376037e-10
11808695010.333628,135.439,6.727635075287865,3.637559948890258e-11,8.83631827730709e-11
31871567759.07883,210.057,1.7828461765574255,1.3980051931457026e-09,8.020597874507155e-10
16330602302.922941,116.062,15.67390020667257,9.2678960422171e-12,2.785154697105546e-11
32743430764.68851,393.749,0.6009743135518157,1.2639953237346464e-08,8.360443515747076e-09
19610569825.804546,168.216,3.995571302037201,1.7126378922671593e-10,2.2951021389170388e-10
16155152051.963388,186.094,2.459551225273103,3.72333756133342e-10,4.563049387086142e-10
30422054915.85474,231.366,1.6640094478889873,1.5318282556770548e-09,1.0425324656505306e-09
25716415707.11544,178.789,3.9878948922350164,2.2545306137255668e-10,2.5976712444745347e-10
7658695010.333629,119.333,13.532477118393858,5.830868914227363e-12,3.410280609406376e-11
15114230882.787127,136.436,11.323294951284323,1.6435144159984216e-11,5.327597864836798e-11
28991437850.605255,226.493,1.9317980513728963,1.0831270785538676e-09,8.6058573764528e-10
16809551225.273102,124.755,10.001180986123414,2.3430774892862586e-11,5.043255072651431e-11
15633820490.109241,138.69,3.3619722468260997,1.9284570852146307e-10,1.8541397805972217e-10
10874047829.937998,144.626,4.509300265721878,7.456002319825819e-11,1.5032454364117475e-10
12289917330.971361,135.946,3.847209920283437,1.1576847155127326e-10,1.5568016488872708e-10
26876734573.368763,206.728,1.767050487156776,1.2000841280483369e-09,7.837831948366882e-10
13732816651.90434,126.763,7.3869205786832,3.508858606687993e-11,7.04965538208622e-11
13165205196.338943,152.328,2.8597578978447005,2.2444100367606556e-10,2.6295202003575324e-10
5916932388.544435,97.1308,21.662828461765574,1.7579211488463142e-12,1.4113836114059623e-11
22725715972.83732,207.056,2.1390611160318866,6.924753109671784e-10,6.495292990358584e-10
16587333923.826395,116.214,8.348243283141423,3.3183294390395054e-11,5.242858079820777e-11
8444596988.485385,131.066,6.52671981104222,2.7638985352882322e-11,8.529654130053221e-11
26367729554.17774,304.762,0.8272807794508414,5.371554330642777e-09,3.638438136543102e-09
17157956894.006495,159.045,3.7415116622379685,1.708852081199451e-10,2.1909841568773075e-10
11268851490.99498,128.532,6.21036315323295,4.0736036241828106e-11,8.620884642425984e-11
20788854443.46029,135.936,8.067316209034544,4.453541506010406e-11,7.423115059817561e-11
18949084735.754353,166.146,4.254650132860939,1.4594648417999306e-10,2.1026269490341047e-10
19132063773.250664,123.834,17.488928255093,8.721045118199893e-12,2.841599752045503e-11
14756554472.984941,127.472,12.172423974018304,1.3885576953728556e-11,4.3261226543236525e-11
11845615589.016829,102.959,19.980513728963686,4.1369230227035364e-12,1.719365787153553e-11
4793209329.790375,101.713,14.170209625036906,3.3281811137762233e-12,2.3660447389801537e-11
12525568349.571892,148.136,3.0283436669619133,1.9042336228709722e-10,2.34834752745967e-10
13674062592.264542,104.991,14.6967818128137,8.826452245287357e-12,2.4306822928567722e-11
9724357838.795395,114.298,9.161204605845882,1.615432708290882e-11,4.621372534948188e-11
13642367877.177443,134.628,8.570268674343076,2.589607761395196e-11,6.85366149329732e-11
6213832299.970475,117.134,5.8990256864481845,2.4896142408839577e-11,7.537580453865409e-11
9445556539.710659,93.3092,18.576764098021847,3.816106842610528e-12,1.5188859516161308e-11
7738987304.399173,121.529,6.103483909064068,2.8964206296163828e-11,7.842027197863988e-11
12701609093.593151,115.855,2.5764688514909952,2.6677311243193085e-10,1.6883052315174788e-10
7899114260.40744,88.277,43.05713020372011,5.940477304658559e-13,5.865382655065992e-12
6860466489.518748,90.6738,11.222911130794213,7.594089394977201e-12,2.3741295249940692e-11
15451284322.409212,142.351,3.0253912016533806,2.3536105970612136e-10,2.1706300180589826e-10
12477708886.920578,133.457,3.1752288160614115,1.7255116677185865e-10,1.8178330218679532e-10
11103100088.57396,136.179,4.502952465308533,7.634535795351572e-11,1.3346556167580446e-10
5003173900.206673,110.356,9.323590197815177,8.024395965394031e-12,4.233065844620238e-11
11733790965.456156,128.207,3.825509300265722,1.1178741888288903e-10,1.3924528977478234e-10
10543091231.178034,114.758,5.086211987009152,5.682142960151284e-11,8.391078498786601e-11
15629908473.575436,184.236,1.538086802480071,9.211446820605529e-10,7.151784928627743e-10
4017286684.3814583,110.498,6.400944788898731,1.3670291285510172e-11,6.181744528346866e-11
8563891349.276647,96.798,16.590050191910244,4.338192853611328e-12,1.8303383019328722e-11
13592958370.23915,96.6105,12.880720401535283,1.1422647799341772e-11,2.348306638463082e-11
9316356657.80927,118.914,4.751107174490699,5.7542610122090466e-11,9.645337937287244e-11
15007587835.842928,152.481,2.9133451431945674,2.465245205119735e-10,2.586341235378783e-10
13521331561.854149,95.0876,18.511219368172423,5.5015176834143e-12,1.5829202829032124e-11
2784115736.6400948,90.8013,19.95084145261293,9.752095737726419e-13,1.3392733126442026e-11
6330986123.41305,117.793,5.771036315323295,2.6503110847807532e-11,7.791686274252438e-11
5651933864.777088,86.9382,20.381163271331562,1.8970214473720673e-12,1.2018177659740577e-11
6818128136.9943905,113.688,3.3569530558015943,8.43543976483092e-11,1.247757773891189e-10
11556687333.923826,125.548,7.459551225273103,2.8956166694648726e-11,6.847833563975124e-11
4337023914.968999,107.17,9.425745497490404,6.806024437060853e-12,3.948908325344164e-11
10823294951.284323,122.483,6.3287570121051075,3.767521647683739e-11,7.682092073199517e-11
5267360496.014172,109.226,5.322704458222616,2.5921578387154424e-11,7.263835589524425e-11
13404561558.901682,88.3342,8.184233835252435,2.7901635485032748e-11,3.089769135576652e-11
8383480956.59876,117.359,6.934750516681429,2.4305010035867175e-11,6.436477545142727e-11
4416164747.564216,106.541,8.045910835547684,9.511038540829121e-12,4.571983155120555e-11
5139754945.379392,98.8055,0.5637732506643047,2.2545848621537554e-09,5.611824410992516e-10
13215397106.583998,173.926,1.920283436669619,4.996692823183952e-10,5.105167333374032e-10
3981753764.3932676,123.796,0.48095659875996455,2.3999142792928332e-09,1.0326511582159037e-09
2578978447.0032477,91.0653,10.352229111307942,3.355158708273669e-12,2.596081185382922e-11
6367493356.953055,109.854,4.157661647475642,5.13574343463684e-11,9.406518333325302e-11
13199586654.856806,287.806,0.40271626808384997,1.1347366705314258e-08,6.6657161054520066e-09
9774092116.917625,115.567,2.042367877177443,3.266943255786822e-10,2.119239341019925e-10
9601992914.08326,128.215,3.9351933864777093,8.644946850518002e-11,1.3538105470695371e-10
3915352819.6043696,92.6367,0.8073516386182463,8.374879111426113e-10,3.444686634474026e-10
7177325066.4304695,102.013,5.1362562739887805,3.793170396060228e-11,6.56614779246575e-11
7164629465.603779,126.508,3.9769707705934456,6.315707996759959e-11,1.3041570103758315e-10
10778432240.92117,143.788,2.2080011809861233,3.082407827984281e-10,3.034535930475955e-10
4917360496.014172,87.8461,2.2443165042810747,1.361121666963994e-10,1.1143129227662922e-10
3328240330.6761146,104.144,6.144227930321819,1.2291733858848869e-11,5.7206778206577046e-11
4480617065.249483,84.8892,16.61042220253912,2.264172918174352e-12,1.4059520509330593e-11
2328742249.778565,93.3186,14.303513433717153,1.5869712970803028e-12,1.9730586759562367e-11
4356761145.556539,89.2612,7.394744611750812,1.1108374106743875e-11,3.4917935789624265e-11
2457735459.1083555,94.1254,5.639799232359019,1.0773106493602805e-11,5.090920616036777e-11
2548981399.4685564,89.0792,10.858576911721286,3.0140742621183054e-12,2.3682415905381477e-11
1105506347.8004134,78.2385,21.963094183643342,3.1952680621751355e-13,9.032205426877302e-12
2223723058.75406,94.0067,0.6753764393268379,6.797073920638482e-10,4.240509187151863e-10
2436492471.2134633,93.5397,15.591378801299085,1.397427010329609e-12,1.8186692415559837e-11
10999232359.019783,123.608,2.0217006200177146,3.7519910507137514e-10,2.4491907708893243e-10
944449365.2199588,84.1445,10.765426631237084,1.1361856342807126e-12,2.1314076600561875e-11
2323959255.978742,97.7391,8.009595512252732,5.05057059902989e-12,3.865203696324573e-11
2144464127.5465014,90.9047,14.659433126660764,1.3912895982636118e-12,1.8268454112387525e-11
7933510481.251845,134.101,2.5795689400649544,1.6622801831182156e-10,2.259244289766197e-10
4676380277.531739,107.717,4.1189843519338645,3.8429314874596604e-11,9.129030464733085e-11
9535134337.171537,144.179,1.989666371420136,3.358144674640897e-10,3.3858682720585643e-10
7107794508.414526,88.8308,9.738559196929435,1.0449091983230103e-11,2.6259033524601214e-11
7509388839.681133,135.86,3.1892530262769414,1.0293421244125619e-10,1.8756013804071394e-10
2082654266.3123708,83.5324,6.039710658399764,7.960090748836124e-12,3.744036593793099e-11
3653336285.798642,102.281,3.132713315618542,5.1901684105190516e-11,1.0822200540866113e-10
2411056982.580455,84.1707,7.101860053144376,6.664941783780471e-12,3.2329282592450716e-11
562961322.7044582,76.1292,23.318275760259816,1.4435066745071465e-13,8.054756160450793e-12
3356214939.474461,96.0814,7.877620312961322,7.540372180305034e-12,3.797780845845159e-11
1575907883.0823739,82.0681,6.245349867139061,5.633137968503149e-12,3.494928414647932e-11
4022733982.8757014,94.2826,8.337023914968999,8.06923429226026e-12,3.4554001918909717e-11
3450295246.5308533,101.84,6.763950398582817,1.051449786768328e-11,4.969156406878091e-11
2278727487.4520226,88.1654,5.270298198996162,1.1438132400968248e-11,4.779775239678047e-11
2477310304.1039267,81.664,9.622674933569531,3.730112109132152e-12,2.246010494722126e-11
4769678181.28137,105.253,8.186300560968409,9.923087287864243e-12,4.385585479434187e-11
2422173014.46708,74.6664,15.808089754945378,1.3513862037872971e-12,1.1429239449118104e-11
3482831414.2308826,97.3815,7.860348390906407,7.859265635618111e-12,3.9098259402056516e-11
1616120460.584588,81.6893,11.114703277236492,1.8239422697535384e-12,1.9457129775532955e-11
3856480661.352229,97.0708,9.226896958960733,6.315575369266131e-12,3.3095416158228824e-11
2225730735.1638618,88.0876,5.115589016829052,1.1858081646161826e-11,4.915641570346977e-11
1836064363.743726,69.6991,16.540891644523178,9.356279215933103e-13,9.517912836430968e-12
649512843.2240921,67.7157,6.512547977561264,2.135103720642564e-12,2.281781781689116e-11
3696575140.242102,95.3345,8.296870386772955,7.486934488900413e-12,3.550031283966299e-11
1332757602.5981696,76.2488,7.922350162385592,2.9605759464931956e-12,2.3782543064133822e-11
5011898435.193386,110.671,4.18054325361677,3.998249806960217e-11,9.4946999902537e-11
1565279007.9716563,93.384,7.796575140242101,3.5901874884443267e-12,3.624827764849315e-11
3864422793.0321817,85.8509,3.23708296427517,5.1417396236717615e-11,7.378739427877816e-11
1992781222.3206377,91.9392,9.189400649542367,3.2901701237200345e-12,2.980990236599725e-11
4953749630.941836,96.3081,3.940803070563921,4.44731296921707e-11,7.62758747026857e-11
1188765869.5010333,76.6636,14.146589902568646,8.281822258768068e-13,1.3463964377979394e-11
5490064954.236788,100.517,4.289932093297904,4.159199509189787e-11,7.63264245041705e-11
1722468260.9979334,91.5753,5.089016829052258,9.272920998457459e-12,5.340342517638653e-11
633348095.6598759,73.7876,21.62754650132861,1.887822099952694e-13,8.158415404205658e-12
1744493652.1995869,77.4513,4.928845586064364,1.0011797898570963e-11,3.944196199843696e-11
606392087.3929732,73.781,15.278122232063772,3.6219851962413994e-13,1.1546899705473002e-11
899468556.2444642,74.7692,11.522733982875701,9.445131745725253e-13,1.5723029582265444e-11
2601638618.2462354,98.3909,9.353557720696783,4.145972480602204e-12,3.354125706975037e-11
6748568054.325361,128.592,1.8354000590493063,2.7930792271448203e-10,2.919735162488269e-10
2788263950.398583,85.6957,9.843814585178624,4.01180799721106e-12,2.4176917909411314e-11
1202893416.002362,84.7115,12.981989961617952,9.951251802860622e-13,1.7913884690100686e-11
1406510186.0053144,83.6715,13.621198700915265,1.056927823614932e-12,1.6656589422677434e-11
436536758.1930912,68.219,21.438441098317092,1.324242494268367e-13,7.034995031201366e-12
3882226158.8426337,99.938,6.320194862710363,1.35504276043457e-11,5.1212637002068e-11
639031591.3788013,75.0157,14.672128727487452,4.1387498406217066e-13,1.2429610030460844e-11
872409211.6917626,77.4911,8.384263359905521,1.7303084362729083e-12,2.3210529044270404e-11
3778240330.6761146,92.821,4.533067611455565,2.563529337617448e-11,6.15951601442548e-11
1796250369.0581636,85.9985,7.914230882787128,3.998365987774047e-12,3.0284425273507805e-11
1094596988.4853852,82.1395,7.947741364038972,2.4160165396355066e-12,2.7511019418715505e-11
1249586654.8568053,85.8032,10.55255388249188,1.5645315571255728e-12,2.260974639853649e-11
377339828.7570121,62.844,7.357838795394155,9.717738690000713e-13,1.7394969469868887e-11
486772955.4177739,57.9161,41.06716858576912,4.0241116790542115e-14,2.646976935376976e-12
1187983466.1942723,85.0391,7.4607322113965155,2.9756414378582965e-12,3.141247513784676e-11
4396073221.139651,95.876,4.110717449069973,3.6271270668418833e-11,7.246836890419937e-11
436093888.3968113,68.8951,7.045025095955123,1.2250336464719103e-12,2.1834357893430527e-11
3141674047.829938,63.2025,7.95748449955713,6.917395827614897e-12,1.6268181639137065e-11
2725730735.1638618,77.5544,11.325952170062003,2.9625562875016375e-12,1.7210142281335868e-11
613049896.6637142,64.4836,20.369205786832005,2.0600641181386148e-13,6.615623090452165e-12
2018452908.178329,88.044,7.172571597283731,5.470184102552824e-12,3.50244188283756e-11
3067788603.483909,94.1557,2.9743135518157664,4.834872610606724e-11,9.659458535699172e-11
6274047829.937998,254.934,0.17242397401830528,2.9422910453411336e-08,1.2215300902715398e-08
866120460.5845882,78.7754,9.249926188367287,1.4113504612031845e-12,2.1741488115427003e-11
586699143.7850605,80.8133,10.036905816356658,8.119866003675745e-13,2.108687062933711e-11
3998494242.6926484,92.0002,2.232211396516091,1.118816695823311e-10,1.2288207076621697e-10
5593873634.484795,189.545,0.20667257159728375,1.8259129570110222e-08,5.633627419278561e-09
3250811927.9598465,86.6313,2.684086211987009,6.291178797055607e-11,9.061487619509208e-11
1724033067.6114557,87.3133,6.154266312370829,6.346380784789428e-12,4.0144940572013125e-11
5374520224.387363,197.024,0.35532919988190137,5.934867279100013e-09,3.540410868934992e-09
4359285503.395335,111.307,2.3098612341304987,1.139138784221833e-10,1.7382224887145867e-10
1679539415.4118688,67.1087,8.465013286093889,3.2678944284676702e-12,1.7241550053621705e-11
1216312370.8296428,64.057,12.524062592264542,1.0811545260204808e-12,1.0617793159021704e-11
757085916.7404783,77.3123,10.06436374372601,1.0420909497904248e-12,1.9246739218536917e-11
395807499.2618837,66.5027,15.297018010038382,2.358324529189841e-13,9.369535853047145e-12
493076468.851491,69.9841,14.595659875996457,3.227007049148901e-13,1.0874801261905248e-11
347490404.48774725,73.8756,9.714201358134043,5.134069218198496e-13,1.8207119404982825e-11
3321552996.7522883,90.4126,3.554472984942427,3.6654209378447445e-11,7.452963573057524e-11
3496309418.364334,88.528,3.2502214348981404,4.6144194113675773e-11,7.814382316027398e-11
583451431.9456747,73.4486,11.657366400944788,5.986002886946529e-13,1.499729370914853e-11
915721877.7679362,73.2713,10.193829347505167,1.2286324405135153e-12,1.7067768143254298e-11
449601417.1833481,69.0275,15.599940950693828,2.5758161886440823e-13,9.898460042894372e-12
525214053.7348686,69.3975,3.7950989075878363,5.0842072590955446e-12,4.1125467858378535e-11
3761706524.948332,88.3009,5.489075878358429,1.74068243757354e-11,4.603385287981068e-11
2246412754.6501327,81.441,3.630056096840862,2.3768183360609934e-11,5.921328541991371e-11
1394405078.2403307,68.6019,10.992471213463242,1.6089086535185701e-12,1.3874688791896302e-11
605653971.06584,68.9905,13.505462060820786,4.629550015363345e-13,1.1421297317009081e-11
80380868.0248007,62.4554,13.02317685267198,6.607724403719483e-14,9.70664953877957e-12
5415633303.808681,171.579,0.37850605255388253,5.270316526282778e-09,2.5205872529313542e-09
729908473.5754355,80.1797,6.820637732506643,2.1875175434548948e-12,3.054570619368019e-11
3303557720.6967816,85.0861,4.367581930912312,2.414531546116418e-11,5.371832650077233e-11
3012769412.4594035,92.7194,4.950841452612932,1.7137243283445625e-11,5.627409327566687e-11
1525435488.6330085,72.2981,6.516976675524063,5.007657509130362e-12,2.5992850034881796e-11
1797519929.1408327,63.488,7.520224387363448,4.431443550671254e-12,1.736995896900922e-11
2236492471.2134633,83.3921,3.109388839681134,3.2251541375501446e-11,7.24804840436435e-11
2909049306.170653,75.7446,6.550487156775907,9.452288946303992e-12,2.8384160437096385e-11
442545025.09595513,66.1011,16.235163861824624,2.340869569897838e-13,8.721817531639717e-12
4913537053.439622,238.207,0.18054325361677,2.1016713877344786e-08,1.0185305831209357e-08
312105107.7649838,67.0914,8.689695896073221,5.762684267174564e-13,1.6787090438550664e-11
822704458.2226158,68.3956,15.4096545615589,4.830489584564829e-13,9.83806581857551e-12
1299852376.7345734,80.2902,9.549453793917921,1.9873303956839198e-12,2.187725592302567e-11
2469072925.8931203,87.9084,3.9341600236197225,2.224144405599637e-11,6.365829899389239e-11
1236123413.0498965,57.4216,18.465456155890166,5.054461082017509e-13,5.786778217061856e-12
120357248.30233245,64.0759,14.018895777974608,8.53842448278943e-14,9.491217424481133e-12
5258222615.884264,171.384,0.44419840566873336,3.715506998386192e-09,2.1429392213432618e-09
741349276.6459994,74.1272,8.470032477118393,1.4407406929456559e-12,2.1024051690250773e-11
615839976.3802775,74.3896,9.324623560673162,9.87502870052429e-13,1.923266372731729e-11
1027812223.2063773,68.8826,11.710067906702097,1.0450283127452896e-12,1.313124633898912e-11
2868954827.280779,87.7766,4.077649837614408,2.4056750205359617e-11,6.123417626648528e-11
729642751.6976676,60.0917,7.561116031886625,1.7793917505974093e-12,1.547709247851688e-11
1101225273.103041,84.4267,6.269855329199882,3.905658216723394e-12,3.684244195797981e-11
4718733392.38264,197.13,0.23457336876291707,1.195641928677354e-08,5.368748235161718e-09
206111603.18866253,62.3696,17.903306761145558,8.965386998215775e-14,7.041399157050038e-12
171671095.36462948,59.3155,9.378948922350162,2.720958654046193e-13,1.2157058878704348e-11
1852657218.7776794,86.4727,5.483170947741364,8.591413200002605e-12,4.4194940388128575e-11
4100664304.69442,101.423,1.725420726306466,1.9204247850280883e-10,1.9320759464189615e-10
505462060.82078534,70.6127,11.987304399173311,4.904317769718084e-13,1.3480015805725721e-11
1008429288.4558606,71.764,5.919102450546206,4.01297858755374e-12,2.819705279897194e-11
849896663.7142013,70.0072,14.08281665190434,5.974756080891493e-13,1.1278262288827734e-11
161027457.92736936,65.0752,11.927959846471804,1.5779771343862236e-13,1.1505649877108358e-11
616814289.9320933,75.0226,10.265426631237084,8.160814865030078e-13,1.7768612580664612e-11
4893297903.749631,145.296,0.47874224977856505,2.9766738309065136e-09,1.4290645951850286e-09
264496604.66489518,56.5266,11.523914968999115,2.776854451953204e-13,8.985701394925565e-12
442072630.6465899,66.4891,9.012105107764985,7.588819744107133e-13,1.5897211783572055e-11
774726896.9589608,78.557,6.122970180100384,2.8810941532258252e-12,3.266283935582214e-11
1369781517.5671685,81.947,9.897697077059345,1.9494679153817015e-12,2.1987621877276664e-11
593755535.8724535,72.6403,11.175081192795986,6.628868490438805e-13,1.5302094178513436e-11
4524431650.428107,174.717,0.2883082373782108,7.588973487802295e-09,3.4313070018176604e-09
270106288.75110716,69.394,9.530558015943313,4.1460176130139467e-13,1.6374641994206878e-11
38396811.337466784,56.1489,19.1879244168881,1.454026318508472e-14,5.3247694116485175e-12
43253616.77000295,52.2824,15.945527015057575,2.371798436691392e-14,5.555439888225367e-12
3600590493.0617065,226.921,0.11086507233540006,4.084297295613576e-08,1.5052232999055088e-08
121242987.89489223,60.7981,7.474313551815767,3.0258480189932857e-13,1.6027102019245025e-11
143194567.4638323,64.437,13.47372305875406,1.0997258018727365e-13,9.986867970286923e-12
472438736.34484786,68.7655,8.967965751402422,8.190128635777165e-13,1.7088091810851624e-11
387555358.724535,62.7752,14.352967227635075,2.6229104631539195e-13,8.897762643611764e-12
938869205.786832,63.8164,7.2232063773250665,2.5088699722152924e-12,1.827178088078432e-11
136403897.25420725,61.5705,17.86507233540006,5.958683617055162e-14,6.876807719445129e-12
228196043.69648656,59.2882,10.999852376734573,2.629465656754042e-13,1.035609375044772e-11
1462976085.0310009,79.1718,7.027457927369353,4.130226075364568e-12,2.890607219801706e-11
3801756716.858577,109.3,1.221434898139947,3.552849239629535e-10,3.1696864196330293e-10
3636669619.131975,55.3571,8.589016829052259,6.873058601729266e-12,1.1562440396698082e-11
2234351933.864777,77.4326,3.768674343076469,2.1933476002460457e-11,5.155910531577618e-11
862267493.356953,76.1837,7.0305580159433125,2.4321789584954575e-12,2.6753501181279497e-11
184056687.33392382,50.9563,26.20814880425155,3.7360442828328734e-14,3.2107443367333467e-12
4000959551.225273,162.97,0.3253616770002953,5.269440084744468e-09,2.645423655537778e-09
2325051668.1428995,79.8561,4.005019191024505,2.0209543853884405e-11,5.160097298959757e-11
1986462946.5603778,75.622,6.217891939769707,7.1635324731229815e-12,2.980570834673723e-11
183628579.86418658,71.6112,8.269855329199883,3.743497581756731e-13,2.009603090603267e-11
674549749.0404489,60.6919,14.838795394154118,4.2711989164371244e-13,8.04468642021203e-12
3641570711.5441394,85.9032,1.5162385591969292,2.2084459738145705e-10,1.5772387807418588e-10
978299379.9822853,78.9993,8.644227930321819,1.8253765392466105e-12,2.339734483730667e-11
896560377.9155595,64.4321,7.772660171242988,2.0690609638271853e-12,1.7309367225808364e-11
984130498.9666371,70.1823,10.389430174195454,1.2711662091838438e-12,1.536419336596571e-11
44744611.75081193,57.8861,9.982137584883377,6.260755544990861e-14,1.0878557937205967e-11
912695600.8266902,63.6937,9.1108650723354,1.532991804317596e-12,1.4430442229920406e-11
945748449.955713,63.4538,8.588426335990553,1.7876461335931698e-12,1.5193155237268426e-11
431561854.14821374,53.781,10.204162976085032,5.778583369969365e-13,9.186004621049608e-12
308370239.14969,64.0249,12.191467375258341,2.8926347668451243e-13,1.0896527928519951e-11
583643342.1907293,58.1513,15.467670504871569,3.4011894035273683e-13,7.0850063443375135e-12
224475937.40773547,63.4486,6.806023029229407,6.756411167347772e-13,1.9168890334752355e-11
577930321.8187187,53.689,7.71169176262179,1.3549062987704128e-12,1.211343370942186e-11
1154694419.8405669,73.9735,4.870386772955418,6.786928441959622e-12,3.6411216016190417e-11
2943962208.444051,89.7745,2.350752878653676,7.427649182012893e-11,1.1110799558344154e-10
1091747859.4626515,73.1883,9.41806908768822,1.7160570071694647e-12,1.8431799889464446e-11
289991142.60407436,61.6775,9.283731916149986,4.691078030685185e-13,1.3279362683933914e-11
4659905521.110128,113.413,0.6068792441688811,1.7640287069158662e-09,6.868623194949383e-10
1227280779.4508414,71.9604,6.267345733687629,4.356219278808091e-12,2.6776251841992055e-11
234278122.23206377,63.2159,8.806761145556539,4.2114573299571953e-13,1.47055994484031e-11
99173309.71361086,61.4159,10.751697667552406,1.1961174477923854e-13,1.1369225924334688e-11
54369648.65662828,58.2835,9.738263950398583,7.993308024051232e-14,1.1304620967279503e-11
404207263.064659,61.7763,7.218039563035134,1.081679757435316e-12,1.7134476017075637e-11
72556834.95718925,59.8787,9.000295246530854,1.2488144721677135e-13,1.2910238613120378e-11
716002361.9722469,73.4487,9.31340419250074,1.1508816301609188e-12,1.8771806767408647e-11
1105284912.9022734,72.14,6.818275760259817,3.3148068204996858e-12,2.4735689088808052e-11
132181871.86300561,65.1444,13.40980218482433,1.0248498944570059e-13,1.0256002192166459e-11
2945084145.261293,116.812,0.29450841452612936,4.734077878340548e-09,1.501493689700415e-09
522955417.77384114,60.9904,11.283731916149986,5.726539404770609e-13,1.0683572544471598e-11
454369648.6566283,62.6553,8.44523176852672,8.88217393819156e-13,1.5064348506185434e-11
147918511.9574845,52.8271,8.7760555063478,2.677669132793867e-13,1.0305296192214452e-11
738824918.807204,67.1481,7.959403602007677,1.6259739594853282e-12,1.8358332410389323e-11
3205742545.025096,134.187,0.47741364038972545,1.9609751952378117e-09,1.2222846656998714e-09
436020076.76409805,66.8641,8.62887511071745,8.164530695926821e-13,1.679106035993229e-11
571833480.9565988,57.7202,3.2418069087688224,7.586271802086795e-12,3.330541200894058e-11
1276542663.1237082,79.8189,4.8816061411278415,7.468664764999971e-12,4.229558533713354e-11
37599645.70416297,53.3058,14.395630351343371,2.5296211613285712e-14,6.396826095825635e-12
248139946.85562444,47.7933,9.74844995571302,3.6404800676155356e-13,7.593548476841004e-12
149734278.12223205,61.203,8.187333923826396,3.1143637210105246e-13,1.4826861029881324e-11
2082875701.2105103,57.6866,7.436226749335695,5.25159481929125e-12,1.4502522935519904e-11
556244464.1275465,72.3894,10.829347505166814,6.612934595303001e-13,1.568172968387733e-11
305284912.9022734,52.6775,9.632270445822261,4.58755318580941e-13,9.336152633883542e-12
205137289.63684678,66.7769,7.419840566873339,5.195036124742934e-13,1.9476200358328044e-11
183953351.04812518,58.9581,12.688810156480661,1.5929385039162286e-13,8.877943126051835e-12
796634189.5482728,61.3711,8.180690876882196,1.6596330791536644e-12,1.4920525947120307e-11
1445822261.5884264,64.3891,5.76070268674343,6.074311926243619e-12,2.3323598000601896e-11
194803661.05698258,47.8352,10.114850900501919,2.6546743254673143e-13,7.331317065381939e-12
1830853262.474166,66.7331,3.234130498966637,2.440459271291074e-11,4.4624294118077635e-11
96176557.42545025,61.7106,13.644227930321819,7.20285051847233e-14,9.045172874924295e-12
1561189843.5193386,63.5244,6.387215825214053,5.335383488566215e-12,2.0474620070613125e-11
429657514.0242102,70.7403,7.167257159728374,1.1661369130486202e-12,2.2627006774326034e-11
110997933.27428402,60.821,10.2195157956894,1.4817923889954244e-13,1.17306774382443e-11
937968703.8677295,53.4401,7.686152937702982,2.2136217346691167e-12,1.2041256342458406e-11
848907587.835843,76.0243,5.9780041334514324,3.311929619971111e-12,3.1332492801346166e-11
2821538234.4257455,131.331,0.44966046648951874,1.945582414291209e-09,1.243071458857946e-09
2606834957.189253,94.6956,1.4332742840271626,1.769245193280326e-10,2.0275734276929646e-10
159816947.15087098,58.9841,11.419102450546205,1.708802998447139e-13,9.873798144727831e-12
95748449.955713,63.9588,8.027753173900207,2.0714613566958832e-13,1.6514023653594747e-11
146324180.69087687,56.8465,13.471361086507235,1.124155145221495e-13,7.773959676763565e-12
272748745.20224386,66.8048,6.115146147032773,1.0169092211699039e-12,2.3651287918448313e-11
174269264.8361382,57.3056,8.24018305284913,3.578328322135621e-13,1.2915272328642127e-11
122955417.77384116,54.5797,11.81369943903159,1.2283126955097874e-13,8.171892980771489e-12
858886920.5786833,69.4974,7.84661942722173,1.9449297373450205e-12,1.994806730665765e-11
197564216.1204606,60.2764,7.018010038382048,5.592595658897082e-13,1.6777487614407605e-11
93209329.79037496,56.6243,13.535281960436963,7.093455957383035e-14,7.676878809981956e-12
131104222.0253912,55.8255,6.932831414230883,3.8030190804519715e-13,1.4568032542607103e-11
2487643932.683791,80.7821,1.7348686152937702,1.1523599148528102e-10,1.2190176301716982e-10
31281369.94390316,51.3328,11.044434602893416,3.575459756697675e-14,7.732015561345474e-12
36123413.049896665,53.1779,9.019338647770889,6.191166668828555e-14,1.0160941988769685e-11
2503055801.5943317,180.043,0.17611455565397108,1.1251570213093342e-08,5.964904979849752e-09
361366991.43785065,52.2477,10.529672276350752,4.544141817956996e-13,8.401673478839225e-12
43726011.21936817,52.9559,11.645261293179805,4.4954636725419334e-14,7.804152884696246e-12
64481842.338352524,50.2124,9.222911130794213,1.056901453828674e-13,8.859316867970066e-12
1429893711.2488928,62.0685,6.40537348686153,4.859011716047558e-12,1.9491458682609785e-11
14939474.461175084,47.5425,9.498080897549453,2.3088552025441258e-14,7.712132200056143e-12
2637378210.806023,134.738,0.309861234130499,3.829755310733405e-09,1.8987126608770205e-09
334499557.1302037,67.0789,8.23575435488633,6.875778595976497e-13,1.7705768404574092e-11
216519043.40124002,60.2845,7.853852967227635,4.893996702092108e-13,1.4995980236829292e-11
384720992.0283437,58.371,9.165042810746973,6.385721794959318e-13,1.2047753378461765e-11
42308827.87127251,52.403,10.326690286389136,5.5314857182909823e-14,8.617820587498004e-12
389740183.0528491,59.6822,6.781665190434012,1.1815051002173987e-12,1.702156948203854e-11
163389430.17419544,55.9392,8.035281960436965,3.528213213794712e-13,1.2620532538194984e-11
2367714791.851196,133.119,0.188957779746088,9.245553976893183e-09,3.0392163377286253e-09
393224092.1169176,60.4734,6.2852081488042515,1.3878224046994098e-12,1.88562534905042e-11
103542958.37023915,54.1022,13.024210215529967,8.510417782843333e-14,7.283242214310656e-12
797815175.6716859,54.5607,6.552406259226454,2.5907992683993283e-12,1.4723306401378724e-11
29716563.33038087,48.9271,11.315766164747565,3.235666552574821e-14,6.855849656565418e-12
145733687.62917036,63.03,4.8111898435193385,8.777848324155023e-13,2.6760142378548077e-11
682580454.6796575,55.5841,6.741806908768822,2.093795849225352e-12,1.485152825775615e-11
9005019.191024505,46.5679,9.890611160318867,1.2834279465600231e-14,7.105530017890473e-12
233982875.7012105,55.8549,8.242397401830528,4.801866482321501e-13,1.226634871165387e-11
36197224.68260998,55.3362,16.70859167404783,1.807709696823666e-14,5.939161272771565e-12
426645999.4095069,61.4637,6.368320047239445,1.4667328570479322e-12,1.9224666698317277e-11
79495128.43224092,57.7258,11.849867139061118,7.893082805703709e-14,9.113238561309333e-12
1395910835.5476823,75.5593,2.642161204605846,2.787867707068673e-11,7.002656762234712e-11
14363743.726011219,48.5542,11.433717153823443,1.5318839458012464e-14,6.682092154305312e-12
52583407.14496604,51.6382,9.529819899616179,8.072581573813921e-14,9.067838921799665e-12
201210510.77649838,57.8774,6.455713020372011,6.731244052309319e-13,1.6815899759630007e-11
238086802.48007086,56.8054,9.607026867434307,3.5965857371271586e-13,1.088520315421208e-11
8060230.2922940655,47.6417,7.737230587540597,1.877195377351742e-14,9.506819745057895e-12
361278417.47859466,60.7567,9.700620017714792,5.352739857700396e-13,1.2332046696185665e-11
978830823.7378211,64.6631,2.4164452317685265,2.3371513095353132e-11,5.6076691881648573e-11
15028048.42043106,51.6222,8.054030115146148,3.230049613452557e-14,1.0722747232290558e-11
766105698.2580454,67.6015,8.0249483318571,1.6585833776530216e-12,1.8455113466039586e-11
184366696.19131976,64.4979,7.424564511366992,4.66308797206285e-13,1.815793526730507e-11
38485385.29672276,53.4003,5.596102745792737,1.7133953555401617e-13,1.651383776164094e-11
1786167700.0295246,69.759,3.0686448184233837,2.6446127650216045e-11,5.1392550156391835e-11
22719220.549158547,56.288,10.768526719811042,2.7315801826102968e-14,9.535020806120136e-12
464673752.58340716,58.8718,8.202539120165339,9.629076273702469e-13,1.3693441734506926e-11
1276306465.899026,74.4301,4.753912016533806,7.87382568189038e-12,3.776525006402812e-11
1285163861.8246236,76.6669,3.9455270150575728,1.1510165493529038e-11,4.8278868630770944e-11
942604074.402126,65.1713,5.418807204015353,4.475638689318919e-12,2.5401266342550476e-11
157617360.49601418,53.2683,10.125036905816357,2.143600878654623e-13,9.082122565841927e-12
24210215.529967524,52.2956,8.950989075878358,4.2129830059621853e-14,9.901604439293323e-12
633776203.1296133,67.083,4.356953055801594,4.654824086003017e-12,3.34725170550684e-11
30129908.473575436,53.501,9.49822852081488,4.656350778982351e-14,9.766242065798632e-12
430410392.677886,61.2477,6.57750221434898,1.3870555329400695e-12,1.8482676645004565e-11
1362178919.397697,67.0627,4.2497785651018605,1.0515614518614236e-11,3.4295889149472983e-11
17596693.23885444,49.3577,10.98287570121051,2.0339114062514125e-14,7.1885294939262195e-12
17301446.70800118,55.7117,10.440803070563922,2.2128282966738657e-14,9.63396838424564e-12
28491290.22733983,49.2339,14.30011809861234,1.942522125682691e-14,5.4933232287002165e-12
16090935.931502804,53.2679,9.014762326542664,2.760615037040604e-14,1.0200540158484161e-11
54413935.63625627,58.4451,14.381606141127843,3.667992699478947e-14,7.697241642131314e-12
18556244.464127548,53.2707,6.751697667552406,5.675409689923384e-14,1.3621035344828385e-11
61263655.15205196,49.5976,16.798641865958075,3.026827474656043e-14,4.745625375490964e-12
2563345143.194567,64.0389,7.890315913788013,5.740522293885659e-12,1.6843782870755165e-11
120490109.24121644,57.4475,11.703867729554178,1.2263817918408482e-13,9.13816850639221e-12
123737821.0806023,56.9223,13.325509300265722,9.71556219957954e-14,7.880020774872638e-12
30454679.657514025,53.8441,8.177295541777385,6.349912677685461e-14,1.148981006683302e-11
2096929436.0791261,142.872,0.24505462060820787,4.868454668609339e-09,2.6994646973000597e-09
137762031.29613227,60.9904,7.254059639799232,3.6500633316025597e-13,1.6618359165006023e-11
2141423088.2787127,155.354,0.1677000295246531,1.0616205299195036e-08,4.663994611746734e-09
38116327.13315619,52.0292,14.58857395925598,2.4969995752428826e-14,6.0135060816549225e-12
99557130.20372011,54.263,12.98819013876587,8.228263660940098e-14,7.346919189083188e-12
445394154.1186891,62.1614,7.612636551520519,1.0715376287390708e-12,1.6449502884879086e-11
209949808.08975494,62.5182,5.422350162385592,9.955738208150434e-13,2.3359937184781735e-11
354989666.37142015,67.0539,6.126365515205197,1.3186908963693316e-12,2.37843605596844e-11
153616770.00295246,61.8189,5.360496014171834,7.45352616161736e-13,2.3103824027788215e-11
297372305.87540597,65.4989,9.773103041039269,4.340788949404886e-13,1.4225968235840752e-11
20962503.690581635,52.8461,6.5,6.917506000752906e-14,1.3923833690447998e-11
790404487.7472689,54.4375,3.2091821671095366,1.0700246010496167e-11,2.992597259965466e-11
276409802.18482435,61.3254,7.635370534396221,6.610378247459595e-13,1.596235484773246e-11
8089754.945379391,48.6123,7.867729554177738,1.8220891660506276e-14,9.733952334227084e-12
10230292.294065544,46.9472,6.9960141718334805,2.914202906140682e-14,1.0209747692594981e-11
2305447298.4942427,111.791,0.2993799822852082,3.586268387289369e-09,1.3528113030512193e-09
189444936.52199587,55.654,8.220106288751106,3.9089601355226487e-13,1.2211292488255911e-11
671493947.4461175,63.0728,5.91585473870682,2.6751011321641976e-12,2.1792799347001353e-11
155078240.3306761,59.851,8.188662533215235,3.2244676417705483e-13,1.4176732607413395e-11
142604074.40212578,46.4789,15.102598169471507,8.716892799794281e-14,4.635603845935413e-12
367980513.7289637,61.0352,9.364038972542073,5.85101891481907e-13,1.2892698627814483e-11
31340419.250073813,55.8643,12.8076468851491,2.663785294222439e-14,7.896700681546394e-12
22955417.773841158,44.0796,9.298937112488929,3.701277827006131e-14,6.771552946814752e-12
1151874815.4709182,73.2337,4.570859167404783,7.686749138139326e-12,3.802510415383599e-11
329155594.92175967,66.0164,4.908916445231768,1.9044214624889657e-12,2.8771621271523742e-11
15839976.380277531,48.7325,11.574402125775022,1.6485058844744784e-14,6.64944067328818e-12
155166814.2899321,52.8643,8.270002952465308,3.163156068728448e-13,1.095129824706657e-11
557956894.0064955,66.2812,4.608355476823148,3.66304125230249e-12,3.089449157998573e-11
133421907.29258929,50.3857,11.303070563920874,1.456020107950837e-13,7.278878223844122e-12
2129096545.615589,129.238,0.29982285208148807,3.302166740721459e-09,1.805352557324972e-09
43903159.13788013,43.2435,10.299527605550635,5.770245164260949e-14,5.883972955781834e-12
921228225.5683496,61.8473,7.905225863596104,2.055283690331304e-12,1.5680991028627342e-11
166209034.5438441,49.1976,7.497638027753174,4.1222923965435426e-13,1.0461878310864302e-11
537407735.4591084,71.0575,5.573368762917036,2.412134169550235e-12,2.9359480573016554e-11
62001771.47918512,53.0343,9.509890758783584,9.558420833296498e-14,9.584830855813596e-12
63478004.13345143,45.6971,14.002361972246828,4.513919070440095e-14,4.833061029444415e-12
524771183.9385888,64.6873,7.933569530558016,1.162427351949417e-12,1.7092898588331246e-11
1605033953.3510482,77.3966,1.9816947150870978,5.6982805485637534e-11,9.7961023448595e-11
1215234720.9920282,77.8722,2.504871567759079,2.7003642441519526e-11,7.845592098423679e-11
323280188.9577797,60.8272,10.00620017714792,4.501671741385774e-13,1.1983198780941575e-11
2034912902.2733984,115.692,0.30277531739002067,3.0948385298582096e-09,1.4326248802905122e-09
