g_bar,g_obs,V_c,r_kpc
5.847586482533438e-11,2.3356683397647423e-10,710.0590861305657,69.95586064363744
1.4565594348877547e-10,9.253630559250605e-10,1294.7940225478703,58.71316799527606
1.8242039469206584e-11,1.207368254508393e-10,1342.7561573274602,483.9503985828166
6.241825884987343e-11,1.9692066677055492e-10,390.6453828396779,25.114260407440213
8.554599095537774e-11,4.747734055460397e-10,609.9468138201979,25.394744611750813
1.6096303543920486e-12,1.2234164456287894e-11,457.87969409072974,555.360200767641
9.069696124070475e-11,2.706208780884276e-10,429.78255732295804,22.119870091526426
8.136544385828972e-11,3.607023594855535e-10,561.3237502385933,28.30897549453794
5.1637149679054444e-12,7.249258220888433e-11,484.1429647334363,104.78520814880424
1.290366927153173e-10,2.654499707910327e-10,281.0037797498986,9.6402421021553
4.8182618244176267e-11,1.334185431094042e-10,283.0831022682281,19.465160909359316
2.533972589847388e-09,3.005878905991144e-08,1777.7746650817153,3.407440212577502
5.301972887431306e-11,1.8624921957741275e-10,276.1853597148169,13.272512547977561
1.0049472574604977e-10,5.065469044446143e-10,428.9213779249185,11.770150575730735
4.921808293842591e-12,8.669431607882328e-11,407.73910158889424,62.14703277236492
8.607157111539848e-11,1.951116161236908e-10,274.3738073291662,12.503985828166519
9.86829929214942e-11,3.4150301242426623e-10,382.5178465533533,13.885296722763508
1.221410196721911e-12,2.4143361876715097e-11,289.7686447827685,112.70711544139357
1.2543186041161282e-10,3.009790971334898e-10,346.4302205849421,12.922350162385593
8.011388126061353e-11,2.772979410825362e-10,415.44175707570486,20.17065249483319
2.11518137913216e-11,2.0494464189786798e-10,451.4445139651513,32.22689695896074
1.8622653907657243e-10,3.785207268731966e-10,314.9944370394358,8.494980808975495
9.89412093600294e-11,2.76847689259786e-10,337.7503406674333,13.353557720696783
1.4904270125757522e-09,1.5716311480685397e-08,1207.0125191319712,3.004133451431946
1.4396445553721644e-10,2.8082214992655596e-10,300.23604145337526,10.402568644818423
1.003109946309475e-10,2.7998048954898325e-10,355.5645875777172,14.633746678476529
2.5835040666277486e-09,2.0244137423774938e-08,1238.3316104492633,2.454827280779451
1.0029084058833554e-10,2.1421853468650157e-10,279.561489414554,11.823442574549748
7.928011733386562e-11,2.461366990051763e-10,350.9637302683587,16.217891939769707
2.746640976406887e-11,2.602591314229289e-10,425.95803507091904,22.59300265721878
1.272683265705617e-10,2.2716504023934692e-10,283.8784315305618,11.496604664895187
7.504022686417897e-11,1.878289490207764e-10,324.2352397892557,18.13861824623561
5.085694536218974e-09,2.9553008640894462e-08,1315.859005684437,1.898730439917331
2.6702112546250483e-10,4.2560632558907653e-10,328.99712670054265,8.241806908768822
8.314234135088479e-11,1.619833300225904e-10,298.11498277315553,17.7804842043106
1.9397886433323903e-09,5.097013344968473e-09,693.4962633582287,3.0578683200472394
1.4545957877495156e-10,3.399284855334695e-10,257.7729916446816,6.3348095659876
1.0192769027889976e-10,3.6489788956496525e-10,313.239355338238,8.71420135813404
6.349525155658033e-10,1.2998380910840576e-08,1102.779111778756,3.032034248597579
2.5905300325077294e-10,5.341359388015973e-10,290.23930814145854,5.111012695600827
1.1105581229250872e-10,3.155358934020661e-10,294.39233015140667,8.901240035429584
9.370510348014261e-10,1.4772540166178937e-08,1106.790078202881,2.687333923826395
2.5582867066157167e-10,4.456929809264094e-10,305.23611135287035,6.774579273693535
8.811128305791919e-11,1.9458117939467776e-10,285.2735384948869,13.554030115146146
1.1337940131096967e-09,6.452081241598694e-09,800.4283335469911,3.218039563035134
1.7516384318618496e-10,3.3025746916580914e-10,233.2097710046023,5.336876291703573
8.812682759444021e-11,2.2427196470926218e-10,247.71716655551117,8.867139061116031
5.107407598651066e-10,9.527884809350604e-09,989.6019641488639,3.3309713610865077
2.755906495150218e-10,5.064476650739489e-10,280.7615782790714,5.044139356362563
1.0858118479320754e-10,2.7005340318286197e-10,275.93727638727677,9.137289636846768
1.1877747265849148e-09,1.5703373496531926e-08,1085.320426932868,2.430912311780337
2.2312096219516114e-10,4.1634881864653403e-10,252.37287036161362,4.957632122822557
1.0886006633597617e-10,2.8430236819542304e-10,270.7760499936532,8.357691172128728
1.0024456025763512e-09,1.2884012471564608e-08,982.4488877957075,2.4278122232063772
5.742881895880163e-11,1.2479183212923065e-10,198.57034909057987,10.239740183052849
6.288140917967038e-11,1.9371770892273802e-10,264.1715081675886,11.674785946265132
5.713230439267219e-10,6.265977858091797e-09,796.9180979019302,3.284617655742545
1.673535613453736e-10,3.1740833146723327e-10,269.9872783449814,7.442426926483614
8.401550604404433e-11,2.0969515872392083e-10,291.2081869784173,13.105845881310895
1.0404903342182706e-09,4.354959610598814e-09,633.3243061775487,2.984794803661057
6.578583226050841e-11,1.704317967188907e-10,188.45227354505343,6.753026276941245
7.206290567714978e-11,2.657858820669735e-10,251.40635899441287,7.706672571597284
6.272770443646863e-12,7.322651219667042e-11,260.588302582856,30.052996752288163
1.1456632231245059e-10,2.2717177798296117e-10,239.3478239273522,8.172423974018304
7.395619269160126e-11,1.8712450298469345e-10,269.0130999978989,12.533215234720993
9.778688953077453e-10,3.6971664201141387e-09,564.9134330437071,2.797313256569235
5.487630192848922e-10,8.291010681280829e-10,251.46331126680332,2.4716563330380867
1.5646739280282267e-10,2.882871788345843e-10,219.8349445392554,5.432683790965456
6.645540928106547e-10,1.1680152002918594e-08,899.7938525706661,2.2463832299970474
7.076871680234914e-10,1.081272446168143e-09,329.36676989711856,3.2514024210215533
1.1950220958171068e-10,2.2207401166752052e-10,255.64038685631678,9.536905816356658
8.989528826058841e-10,2.50403042466312e-09,472.1266974389214,2.8848538529672276
1.6536056954055943e-10,3.2468995614699955e-10,191.6784190832326,3.667109536462947
5.4294688322773526e-11,1.2858531332609905e-10,181.74663880169052,8.325066430469443
2.2396240532944836e-10,1.545458569254456e-09,497.742714641507,5.195157956894007
3.2930206041204406e-10,5.288510223206869e-10,248.60817282256812,3.7874224977856508
1.2296476392008189e-10,2.5555759599847486e-10,239.3747177339717,7.266312370829643
6.345749516565266e-10,4.715560956579174e-09,630.0795998714327,2.7283731916149985
1.0152216892276995e-10,2.066102543846872e-10,193.1753848522812,5.853262474165929
5.838976192088565e-11,1.6010405917349926e-10,211.61339152544642,9.064216120460586
2.6994201409804695e-10,2.944636898730908e-09,580.7705484013974,3.7121346324180693
8.753314943532166e-11,1.9222364190162166e-10,187.55333330535518,5.930469441984056
8.874249516080675e-11,2.87751518609891e-10,244.05729019668198,6.708296427516976
3.761761465911478e-10,4.7846619677754365e-09,659.2714067822109,2.94390315913788
4.795963211760142e-10,7.602413979884157e-10,234.1594112199468,2.337319161499852
1.23262572168903e-10,2.435797163420774e-10,205.7281041331471,5.631089459698848
4.15998823297543e-10,5.195352187577882e-09,662.0905878763753,2.7344257454974903
2.947003253467352e-10,4.4899265892049645e-10,191.42846685088432,2.644966046648952
1.0449483453382568e-10,1.957593533705872e-10,185.40526947842747,5.690729258931208
1.6837848972137198e-10,2.9097654135652907e-09,584.4747174480381,3.804694419840567
2.5481802159000515e-10,4.791748193327998e-10,235.40026071033867,3.7477118393858873
1.0201408602764038e-10,2.4968594875871953e-10,233.1001552529054,7.052406259226455
2.640378884835026e-10,2.312443045363948e-09,512.5520810693372,3.6817242397401833
3.3963591836431703e-10,5.269702466162694e-10,254.2620853404911,3.9757897844700327
1.0025355842074816e-10,1.8838116424753566e-10,226.25028618150256,8.806170652494833
5.926590284658548e-10,1.6006435686049472e-09,385.5572584800071,3.009743135518158
1.373602493151739e-10,2.625567776084608e-10,198.53017658993852,4.864924712134632
7.605674354436842e-11,1.9302525142143762e-10,214.69106393742803,7.738559196929436
1.9540962733627826e-10,1.6309389174575863e-09,457.2385777294536,4.154266312370829
1.3674691475823656e-10,2.7448933505642415e-10,194.70701113228307,4.475937407735459
7.154546080026652e-11,1.8875779939692766e-10,206.92069860712098,7.351048125184528
4.82222717033952e-10,5.068290036848263e-09,610.5446894182,2.383525243578388
3.25773115076325e-10,5.501653563560214e-10,237.1863548299874,3.313847062297018
1.0197034880218712e-10,2.1532845381012366e-10,212.83185559458866,6.817390020667257
7.442359782276658e-10,4.309688962006594e-09,539.9700701676553,2.192500738116327
2.6222764358972394e-10,5.258545849056135e-10,231.8402496680377,3.3125184529081784
9.571841155069945e-11,2.5516559201068045e-10,226.9657293865006,6.542515500442869
2.244889714602162e-10,1.9658712228053847e-09,466.0210848751693,3.5801594331266604
1.2879382211420073e-10,2.6335950845887173e-10,177.7711866928226,3.8888396811337467
7.02808301214289e-11,1.8959373536903381e-10,198.07426552858502,6.7062297018010035
3.153217288716799e-11,4.530801524311325e-10,340.8907794989643,8.311927959846471
3.877217446174978e-11,9.804750500671383e-11,131.416041849671,5.708296427516976
5.172384264995325e-11,1.6787608871237323e-10,192.08671702351063,7.122822556834957
2.8963023597566415e-11,2.535662853312493e-10,290.93481984647804,10.817980513728964
2.993351732610179e-11,9.837034647424677e-11,152.2353859946789,7.635075287865367
7.600408591674089e-11,3.637541409215171e-10,250.2838623182772,5.580897549453794
1.668788473214349e-11,3.1772561553796095e-10,316.230445263782,10.200029524653086
1.8451075100489362e-10,3.4850103859147573e-10,185.29961320462786,3.192943607912607
7.489610582697558e-11,1.7153638095491347e-10,181.02403180525636,6.191024505462061
2.1277625389573992e-10,3.526280199534944e-09,568.9751388520267,2.975199291408326
5.587663613945711e-10,8.684583530307461e-10,225.03532719174262,1.8897254207263066
1.775071691280486e-10,3.4762610083727487e-10,213.7462009361305,4.2592264540891644
2.6681603001419195e-10,3.921624996355594e-09,575.2629359985237,2.7347209920283437
3.386325331946103e-10,5.148607576541504e-10,231.64725589016302,3.3776203129613225
7.026140412528137e-11,1.2558507483625586e-10,188.52261701425567,9.17139061116032
6.066967874427916e-10,2.2751859397808323e-09,432.28743102930684,2.6617950989075876
3.575657572578985e-11,1.0448003235965775e-10,123.51088826688921,4.731768526719811
8.010374503865437e-11,2.724571910857952e-10,193.55579362972495,4.456155890168291
6.6048925666921925e-12,6.286223413676264e-11,199.167975844827,20.4501033362858
2.2936406062518294e-10,4.1510600865724525e-10,192.82291926447652,2.90271626808385
9.192559834726451e-11,2.0198403902067605e-10,193.27029072072094,5.993209329790375
1.166157406239969e-10,1.1034065304452588e-09,395.3114325417419,4.589754945379392
3.373761895159399e-10,5.799629745236804e-10,201.04816047926536,2.258635961027458
1.1445882693969627e-10,2.623984955831905e-10,197.80976659065803,4.8325952170062
1.6707752864628464e-10,2.4506755405088067e-09,492.65955237651195,3.209625036905816
3.1012720656306e-10,5.732397207702011e-10,237.87117989838436,3.1988485385296723
1.0852975455201885e-10,2.5886261340423417e-10,224.74934977560335,6.323737821080602
4.1567064067506544e-10,1.8759912597057082e-09,399.93349607378826,2.7630646589902566
3.2333085952259376e-10,5.686180489196603e-10,201.88857747641006,2.322999704753469
1.1385609411777281e-10,2.565762737798675e-10,196.57147375902616,4.880572778269855
1.5741093379263025e-10,2.1001276976230774e-09,464.49309830910187,3.3293475051668144
3.550416541476968e-10,5.559269961145828e-10,203.45524180103448,2.4130498966637144
9.729297878538291e-11,1.942718233219999e-10,179.71149051373402,5.387511071744907
3.942064115050644e-10,3.934803750268377e-09,527.3071846019006,2.2900797165633304
6.691046704422344e-11,1.6592665035078414e-10,137.18945196629133,3.6759669323885444
6.532851803645021e-11,2.1536949663885534e-10,176.83908523324044,4.7056392087392975
6.670631954907856e-12,5.549604398478269e-11,186.28429715719074,20.264540891644522
3.0965521439761697e-10,4.995130964635927e-10,202.86118449353862,2.6699143785060526
9.172114778290956e-11,1.9319206123671797e-10,184.18072751269864,5.690434012400354
3.5473081221020226e-10,3.116448862974278e-09,489.78097284508544,2.4945379391792146
1.1760203962484785e-10,2.5739341167875227e-10,179.609719144224,4.061706524948332
7.250153331988351e-11,2.0543154249830348e-10,201.1177005437464,6.380868024800709
8.431336461177638e-11,8.368407345470607e-10,357.716022699549,4.955417773841157
7.941680074082823e-11,1.7488288145988362e-10,141.1681873911064,3.6929436079126066
4.6584941786391844e-11,1.2353209968242415e-10,156.797869788238,6.449808089754946
3.622006573842247e-11,3.3942786916561853e-10,291.6305622997675,8.120165338057278
1.304833600900611e-10,2.4201913602502746e-10,172.35594182686583,3.977856510186005
5.932765534382248e-11,1.4195467942056427e-10,177.2183511801298,7.1699143785060535
1.7240681367002862e-10,1.3390232557809693e-09,388.8461628977142,3.6594331266607614
4.334531918053777e-10,6.182415738273084e-10,223.50419677470455,2.618541482137585
1.3179646856446694e-10,2.288618964698859e-10,202.07225985047216,5.782108060230292
4.0244046045731966e-10,1.4749271273769483e-09,351.6856392361421,2.717596693238854
7.760321432000076e-11,1.800303303688713e-10,159.4490548596187,4.576616474756421
7.743148352960495e-11,2.0962889425730867e-10,195.52629283524976,5.910245054620607
1.2347123242699449e-10,7.154216842616116e-10,328.05266188250266,4.874963094183643
4.972215553014731e-10,7.003331985180874e-10,229.714014670097,2.441836433421907
1.340413813074792e-10,2.237757570479672e-10,199.8448621846008,5.783879539415412
4.001024720500331e-10,1.4338922891335301e-09,347.05074187369144,2.72217301446708
2.6817953019562017e-10,4.5480932544988533e-10,177.48520102770505,2.244611750811928
1.2412364466851376e-10,2.691825563035556e-10,185.17286983654864,4.128136994390316
1.5166098731493987e-10,2.3612229827621603e-09,466.3514491074554,2.9849424269264833
2.9001447578251177e-10,5.36937021225566e-10,224.69961843954655,3.047387068201948
1.0093402655776401e-10,2.340254404233377e-10,209.53185233831007,6.079716563330381
5.711452815719923e-10,2.426372298394313e-09,403.2174418515866,2.1715382344257455
6.374319402376947e-10,8.760815236295614e-10,235.15025393170967,2.0454679657514023
1.478473567789168e-10,2.450076279008171e-10,196.03403907567284,5.0831118984351935
9.232852824660053e-10,3.3683000983108737e-09,420.2946824987,1.6995866548568055
9.645960428837866e-11,2.368613143998416e-10,186.7369576201422,4.771036315323295
7.859982623307837e-11,2.4208754854111213e-10,216.43506487528273,6.270888692057867
2.8974171895547027e-10,1.7600661619302143e-09,386.66501653021015,2.752878653675819
5.746253725554028e-10,8.561864971658295e-10,246.76389753115794,2.3048420431059933
1.3607058265914747e-10,2.2446179322861386e-10,202.2270176818053,5.904487747268969
5.325710641401144e-10,1.0165899657391304e-09,274.0474791192461,2.394154118689105
1.2502093008614986e-10,2.7670074117102706e-10,137.34482039337217,2.209329790374963
8.446844420052515e-11,2.4357962535069406e-10,162.80383405149934,3.5264245645113665
1.3854560786105105e-10,1.4044003567736058e-09,399.18835710267587,3.6771479185119573
7.506846851407869e-11,1.690574835808652e-10,134.62301997039216,3.47416592855034
7.818602932238124e-11,2.511300152120256e-10,176.71643221534472,4.0299675228816065
6.616576087715607e-11,1.2362052357732155e-09,395.07585499113605,4.0918216710953645
7.774943369957068e-10,9.870715315600045e-10,246.45643844290223,1.9942426926483614
1.2984579977960814e-10,1.7999239612357872e-10,182.919206912973,6.024357838795393
8.2895945845064e-10,1.3322104553103476e-09,281.76973507871327,1.9313551815766166
2.6088379531635218e-11,9.405477766787262e-11,136.464447903751,6.416592855033953
8.352414652161972e-11,3.511419491979859e-10,231.51351332582558,4.946708001180986
7.082433356449584e-12,4.175505285556055e-11,156.6464151831389,19.044877472689695
1.5570184150679266e-11,6.928845512067153e-11,129.3113279001591,7.820932979037496
6.295948655136055e-11,3.635062358429481e-10,232.4442051812059,4.816947150870977
9.286069533741693e-12,1.9646099766266846e-10,247.77690010263547,10.127251254797756
5.846813384761066e-10,9.266980464874796e-10,240.7282247309765,2.0265721877767935
1.478849638060028e-10,2.909785627035024e-10,211.9280764278196,5.0022143489814
3.720344869195842e-10,1.4939908455522132e-09,342.2304571722783,2.540596397992324
2.667048328841341e-10,5.071164297964915e-10,208.77141199573504,2.7853557720696784
9.914483248315368e-11,2.4597470068721734e-10,203.67935362635367,5.465751402421022
2.640841979339538e-10,1.4453664094365584e-09,353.3338974587123,2.799232359019782
4.379662193621558e-10,7.538751888616976e-10,221.98048556001422,2.1182462356067315
1.2862683020006016e-10,2.9151755447307614e-10,201.46792547380787,4.512252731030411
4.820033516231667e-10,2.8617261024172234e-09,422.2596527386255,2.019191024505462
5.908499802878694e-11,1.4256803355423784e-10,122.860258545655,3.43120755831119
7.060241307014578e-11,2.5418407176154106e-10,175.32189057128377,3.9189548272807797
1.0069753744009958e-11,1.3838757752894668e-10,222.20600011100993,11.562739887806318
3.345557261977191e-10,5.443598182604001e-10,177.31267641125925,1.8717153823442574
1.267181689148709e-10,2.553556415720108e-10,174.47991399452638,3.8635961027457926
1.894102340522936e-10,2.620854720887046e-09,448.540283525258,2.48774726896959
9.002104331432692e-11,2.1522826031311564e-10,161.62013460932653,3.9331266607617357
6.91275303284192e-11,2.1950549187421817e-10,197.2178262795658,5.742397401830528
3.249424020281167e-11,3.4821391993209325e-10,264.44331443790867,6.508266902863891
2.824647495593236e-10,4.826874107330416e-10,196.918847401145,2.6034839090640687
7.894399323062683e-11,1.6542289909628515e-10,174.8196850157808,5.9873043991733095
4.866599080486374e-10,2.572988025141869e-09,408.11772429131463,2.0978742249778564
4.052102709781477e-11,1.0757365209709167e-10,137.76248214877134,5.717449069973428
7.120335509102236e-11,2.5271384723306067e-10,201.79236060530317,5.221877767936227
2.917690932587775e-11,3.1417679754165454e-10,255.30917913336341,6.723649247121346
1.0579141231051377e-10,2.4906910353767443e-10,180.7100107580329,4.249040448774727
7.489930502990127e-11,2.229973135590685e-10,207.29049413559457,6.244611750811928
1.1093802347825693e-10,5.552991809233059e-10,266.64456933601923,4.149394744611751
1.452830890306061e-10,2.8947670911851994e-10,143.4337008880207,2.3032181871863004
8.1359617770134e-11,2.1265543422303057e-10,162.9710196396262,4.0475346914673755
4.613749757311823e-11,1.0281108892883103e-09,360.19496242974367,4.089607322113966
1.0538624007310786e-10,2.498904184744749e-10,146.00346459349853,2.7645408916445233
7.433854700822742e-11,2.3192983749452918e-10,170.21815703725503,4.0485680543253615
6.157577139283641e-11,1.2499843597626486e-09,373.5067448209382,3.6169176262178917
5.612706990604808e-11,1.5507489056678685e-10,124.53508356282202,3.241068792441689
5.673612678799894e-11,2.2953971763593333e-10,167.4231015416338,3.9574844995571303
1.2280035832808872e-11,3.6220289893406657e-10,278.2896993382617,6.929288455860644
4.1031727882915636e-11,1.1165279843969437e-10,123.22258764705424,4.407144966046649
6.721298126637488e-11,2.682195489814797e-10,189.48276137775804,4.3380572778269855
3.966514903759088e-12,7.826174687641883e-11,185.0191400283072,14.175228816061411
9.955199326494847e-11,2.2859511414899692e-10,159.38811669532276,3.6015648066135224
7.860948733515914e-11,2.3140776326430704e-10,188.4685265913997,4.974461175081193
7.494520205925337e-11,7.007232457808856e-10,299.5900962338845,4.151018600531444
4.661535697872061e-10,6.959215347083616e-10,215.72348102971088,2.1671095364629465
1.39721475676576e-10,2.431450469938441e-10,193.0227532817113,4.965899025686448
3.60770250647834e-10,8.878066865214886e-10,259.7781339723888,2.4633894301741956
2.832487590153836e-10,4.638452518644645e-10,198.86526438832857,2.7630646589902566
9.44748835284314e-11,1.756060468068643e-10,178.9326762219082,5.908621198700915
2.7132334334332004e-10,6.453739235754565e-10,237.109704050376,2.823147328018896
1.59472633403579e-10,2.7994807517371946e-10,167.44265776590757,3.245645113669914
4.7023365772858344e-11,1.0978151942806632e-10,159.0658551866871,7.469146737525834
3.724833751499062e-11,1.4673212680899165e-10,185.28395976150458,7.582226158842633
6.003718095749889e-11,1.4848225762484026e-10,140.22855517339167,4.291851195748451
6.723337185574384e-11,2.178302105590637e-10,185.7283413874755,5.131975199291408
2.2956461064490448e-11,2.640204486551484e-10,237.79883937158237,6.941098317094775
3.068330174151531e-11,8.300192777452945e-11,89.67931814190597,3.140094478889873
6.313594011146434e-11,2.1359513189896022e-10,143.73609299829198,3.134632418069088
2.7898186115150996e-12,4.3321885339667464e-11,159.422274135613,19.012400354295835
8.392988524792255e-11,2.0058091872315972e-10,147.46761768940183,3.5135813404192504
7.268679863412686e-11,2.476325141053425e-10,188.5068564305418,4.650428107469737
2.031391300356395e-11,2.543132766657991e-10,236.74247914800733,7.142161204605846
4.039768552328054e-11,1.2896974032566543e-10,133.96444764588333,4.509595512252731
1.0306095351347033e-10,4.840579050868633e-10,221.89984472977923,3.2965751402421017
1.818779974445129e-11,3.211327693993296e-10,258.19651472549043,6.727635075287865
5.572397164456092e-10,7.153957513962239e-10,209.948184728895,1.9967522881606141
1.2855582148067316e-10,1.8710595295528884e-10,173.82257388455423,5.233244759374077
6.990025965728513e-10,1.1283541067152286e-09,249.1474773214737,1.7828461765574255
2.7325208410720452e-11,8.340227322610189e-11,97.66537217755108,3.7063773250664305
5.90313712484893e-11,2.6177511200125113e-10,163.3537338896933,3.303513433717154
4.63394802110855e-12,5.974638049805796e-11,169.98914484614568,15.67390020667257
9.71153506695925e-09,9.71153506695925e-09,381.15337499332276,0.48479480366105704
8.406197918013693e-10,8.406197918013695e-10,238.0672136025938,2.184971951579569
6.319976618673232e-09,6.324307633650594e-09,342.46114066092537,0.6009743135518157
1.5076187586000596e-10,2.990318761656608e-10,166.6889422277287,3.011219368172424
9.820363047692637e-11,2.560568330435787e-10,188.74622966624221,4.508857395925598
8.563189461335797e-11,5.823693380534988e-10,267.9572693528859,3.995571302037201
2.818535830239509e-10,5.391444031465601e-10,182.3543538367637,1.9988190138765871
1.1546797463362483e-10,2.725630813852836e-10,181.43680736687224,3.9140832595217008
1.86166878066671e-10,1.7720344515642024e-09,366.72529520644986,2.459551225273103
1.0308324020742641e-09,1.1943389187637357e-09,229.91208471566293,1.4343076468851492
2.1365282489407097e-10,2.674860067386664e-10,182.9773558027885,4.056392087392973
7.659141278385274e-10,1.0994868101679424e-09,237.60181621254404,1.6640094478889873
1.3431444452596864e-10,2.823645334472634e-10,178.4141851413129,3.65338057277827
8.617859672041748e-11,2.138594378799414e-10,193.4248858840031,5.669471508709773
1.1272653068627834e-10,3.384649625750296e-10,204.08240368441352,3.9878948922350164
2.799523116879844e-11,9.141156357060493e-11,110.98422368408168,4.366843814585178
6.214050439227568e-11,3.2221437988265165e-10,185.8630420178703,3.474461175081193
2.9154344571136813e-12,7.652622079815475e-11,178.76011863581562,13.532477118393858
3.552759265772247e-11,1.0772842061689873e-10,134.07009947906278,5.407292589312076
7.216475720992412e-11,2.965443393221932e-10,207.05975361864745,4.685414821375849
8.217572079992108e-12,8.332363400384638e-11,170.62684544157997,11.323294951284323
8.665619308944318e-10,1.0695699134423744e-09,224.504003771433,1.5271626808385002
2.1152601028850625e-10,2.873114495409973e-10,188.94568716263396,4.026867434307647
5.415635392769338e-10,7.713257066650371e-10,214.42559060033605,1.9317980513728963
3.97226766165121e-11,9.227079589569382e-11,124.16383866470511,5.414673752583407
7.739393870364045e-11,2.4677532128654403e-10,188.99394773039066,4.690729258931208
1.1715387446431295e-11,1.0214366258427688e-10,177.54490207042315,10.001180986123414
1.2734473011476893e-10,2.3484108475978356e-10,135.85436727935974,2.5469441984056687
8.058852830504474e-11,1.8380753412600923e-10,151.3761442854549,4.0401535281960435
9.642285426073154e-11,9.468156422996151e-10,313.4055077196016,3.3619722468260997
8.74218591559043e-11,2.128229289680515e-10,139.0565240860452,2.9444936521995864
7.267393873337336e-11,2.3177079574855342e-10,171.71313920577938,4.122822556834957
3.7280011599129095e-11,5.730461620474649e-10,282.37499218839196,4.509300265721878
1.1420070371528072e-10,2.0330510751411937e-10,131.07970974565598,2.7388544434602893
8.660010502394531e-11,2.185160275426927e-10,160.99648431422807,3.8441098317094777
5.788423577563663e-11,7.492656503803436e-10,298.24124509269024,3.847209920283437
6.562051181923206e-10,8.165699311068131e-10,206.33733486623345,1.6896958960732211
1.4338287824828924e-10,2.040878211519425e-10,168.0791555859111,4.4859757897844705
6.000420640241684e-10,1.0615981781945415e-09,240.59212697550979,1.767050487156776
7.117715712526081e-11,1.5090744632334445e-10,116.78027074763531,2.928697962798937
6.367474917271521e-11,1.8844169993238597e-10,152.38508097389874,3.9935045763212282
1.7544293033439964e-11,2.1929494038149847e-10,223.5748102963092,7.3869205786832
1.5724573731739746e-10,3.0572807389619654e-10,150.9662679816712,2.41585473870682
8.380485019489096e-11,2.1135441532881776e-10,163.40825853607134,4.094331266607617
1.1222050183803278e-10,1.2453201367106838e-09,331.49882212405316,2.8597578978447005
2.316131405633088e-11,7.68046907455598e-11,91.61811515901579,3.5417773841157367
4.704513606125711e-11,2.1681340174567395e-10,142.91673406363992,3.0529967522881605
8.789605744231571e-13,3.02812710464036e-11,142.27266967895193,21.662828461765574
4.751585024018186e-10,7.471588021161016e-10,205.17668439051857,1.8259521700620018
1.5836250509163623e-10,2.925078864160768e-10,189.33524725114586,3.9716563330380867
3.462376554835892e-10,1.0169550344810365e-09,259.08324156242566,2.1390611160318866
6.984086832715236e-11,1.5606788901076932e-10,110.74027097173794,2.546501328609389
7.445898833419646e-11,2.41293600218546e-10,149.7488608595788,3.0118098612341306
1.6591647195197527e-11,1.4508864820519645e-10,193.3263786073078,8.348243283141423
2.6546291586155436e-11,1.1276528373851109e-10,128.00605015953977,4.70903454384411
6.307061566322909e-11,3.9005469950380993e-10,209.30862709999596,3.6399468556244465
1.3819492676441161e-11,2.751761360384085e-10,235.41260809231287,6.52671981104222
4.64104856449488e-09,4.64104856449488e-09,300.2064209555739,0.629317980513729
7.423395456802301e-10,7.425723255140598e-10,219.49486831984325,2.1025981694715083
2.6857771653213885e-09,2.6903332803234445e-09,262.063392869181,0.8272807794508414
1.2225199956856152e-10,2.5907303089213303e-10,158.1285684329776,3.1278417478594625
9.531379975205376e-11,2.5814441527656414e-10,185.83615049485138,4.335547682314733
8.544260405997255e-11,5.12868811846305e-10,243.3344211136813,3.7415116622379685
4.698957294871109e-11,1.2841507612694905e-10,127.2831123299685,4.088573959255979
5.165125474035087e-11,1.8984103191295554e-10,167.11040561396896,4.7671981104222025
2.0368018120914053e-11,2.610421440212144e-10,223.66120602703276,6.21036315323295
5.6270223138083085e-11,1.2601930805702897e-10,130.31925430415413,4.367434307646885
5.335861764715398e-11,1.3865075255093114e-10,161.95183665561322,6.130498966637142
2.226770753005203e-11,1.1041010838187207e-10,165.78521939832524,8.067316209034544
1.2595824991475817e-10,2.676774724840613e-10,162.92561913999714,3.213758488337762
8.137888710853749e-11,2.1613161380742974e-10,183.50666862146264,5.049306170652494
7.297324208999653e-11,3.3572122247771697e-10,209.94144145743257,4.254650132860939
1.4467189233536436e-11,6.981152574295957e-11,110.67072883287783,5.685710067906702
5.6831969127482386e-11,3.175510805212175e-10,200.19257531929395,4.090050191910245
4.360522559099947e-12,2.8606207745837296e-11,124.24776705680104,17.488928255093
6.136599826785082e-11,1.1916465853825107e-10,122.69708531989629,4.094183643342191
6.627780036099343e-11,1.8072012942968899e-10,164.58432328490952,4.857543548863301
6.942788476864278e-12,4.9410733388475995e-11,136.2310285700068,12.172423974018304
4.406638378287474e-11,1.080213651059194e-10,86.996417908239,2.270593445527015
9.398944966335876e-11,3.7064967535220963e-10,145.57692158753497,1.8529672276350755
2.0684615113517686e-12,2.7674709740911197e-11,130.62361923619005,19.980513728963686
8.903004797827516e-11,1.579325270215981e-10,88.80449423160289,1.6182462356067318
1.2571486714611962e-10,3.6524499199337067e-10,134.46251267438947,1.6042220253912016
1.6640905568881116e-12,6.294281641449213e-11,165.89682470548956,14.170209625036906
1.4169173388947594e-10,2.834158647669475e-10,147.34238044657155,2.482432831414231
8.017259871783183e-11,1.9956393450299965e-10,159.68411501650291,4.140832595217007
9.521168114354861e-11,8.846065382539906e-10,287.5110244863416,3.0283436669619133
3.044145030830439e-11,7.923904824333858e-11,93.22923500955658,3.5547682314732802
5.801175790106997e-11,1.9894523585068186e-10,147.33639807679629,3.5361677000295244
4.413226122643679e-12,4.545554155206482e-11,143.57584856922148,14.6967818128137
3.756004432201735e-11,1.3238791808085212e-10,105.86678222579219,2.7435783879539417
6.174769725344213e-11,2.943179690478104e-10,158.16794161622937,2.754650132860939
8.07716354145441e-12,1.2278802174459008e-10,186.30784517997782,9.161204605845882
4.19411768284345e-11,1.1483889332875018e-10,129.89846188005433,4.761736049601417
6.779937346358567e-11,2.51300587993124e-10,190.96785079017164,4.702981989961618
1.294803880697598e-11,8.899365036917733e-11,153.40996801240811,8.570268674343076
5.463937455965212e-11,1.5197969891130185e-10,114.90966231335514,2.8156185414821375
6.382958003221609e-11,2.234998526958901e-10,151.6563510964896,3.3349571892530263
1.2448071204419789e-11,2.7437598352690454e-10,223.48070928448618,5.8990256864481845
5.5913717455002985e-11,1.1730807362486795e-10,81.35818930582332,1.828609388839681
8.096074309689398e-11,2.9426007102438634e-10,123.97265168559572,1.6926483613817538
1.908053421305264e-12,2.715120756588126e-11,124.75456845389748,18.576764098021847
5.930752677321078e-11,1.4622089661213833e-10,113.11269598050977,2.8356953055801597
6.508831425523697e-11,2.251064208132646e-10,155.14641532070308,3.4653085326247415
1.4482103148081914e-11,2.3801065895545683e-10,211.72100926987181,6.103483909064068
3.9867508761734926e-11,8.918934582203377e-11,113.88396843959325,4.712577502214349
8.673519033873111e-11,2.657699466930993e-10,175.8916129223379,3.772512547977561
1.3338655621596543e-10,7.707274201872428e-10,247.53676076867472,2.5764688514909952
1.3122658514118361e-11,4.668901575628655e-11,59.24202633411629,2.4360791260702683
6.75084888776859e-11,3.1719805447951684e-10,120.80368951554682,1.4909949808089755
2.9702386523292784e-13,4.883958365765587e-12,80.55367657111019,43.05713020372011
2.2151358829907705e-11,7.955217341847377e-11,81.48294520051192,2.7047534691467376
4.675256975025149e-11,1.8900337569570833e-10,125.76715968404356,2.712134632418069
3.7970446974886005e-12,7.225045750315881e-11,158.17939603159724,11.222911130794213
1.0132000857391407e-10,2.0048950866489183e-10,142.01976237590017,3.260259816947151
7.787404155272269e-11,1.809559687051292e-10,160.30127473294468,4.602007676409802
1.1768052985306068e-10,3.7296364052525907e-10,186.5953718690861,3.0253912016533806
6.898895472207456e-11,1.6188709352995988e-10,133.18183449080163,3.550782403306761
7.847506212679464e-11,2.302604715177474e-10,168.7053525993711,4.005757307351638
8.627558338592932e-11,4.824273319109594e-10,217.41040060077398,3.1752288160614115
8.379010201836255e-11,1.9073590182464115e-10,133.74175255551447,3.039120165338057
7.763203804516618e-11,2.227618312693638e-10,165.32601417574026,3.976380277531739
3.817267897675786e-11,2.740671305190266e-10,195.14346307684482,4.502952465308533
2.055301697996606e-11,8.788185088748826e-11,101.38355955389278,3.790374963094184
7.288037997000234e-11,4.3159781051874e-10,186.3644120738813,2.6079126070268672
4.012197982697014e-12,1.007839888290982e-10,170.28022289560045,9.323590197815177
9.547698684234991e-11,1.7781419380120082e-10,126.72607089914659,2.9269264836138174
7.761138452106214e-11,1.949243052281769e-10,153.27303519735193,3.9058163566578092
5.589370944144452e-11,3.524639609373421e-10,203.97589154809708,3.825509300265722
4.681477299856815e-11,1.2854629647879188e-10,110.3238730788082,3.0684971951579567
5.411868644835691e-11,1.9063941175411105e-10,147.54067948970777,3.700472394449365
2.841071480075642e-11,2.6869901071648725e-10,205.3558657716855,5.086211987009152
5.274053082681755e-10,7.636576903693719e-10,184.03223544362243,1.4372601121936817
1.0424516238963324e-10,1.849094092084129e-10,148.1480590891152,3.8466194272217304
4.6057234103027643e-10,1.1779771535772046e-09,236.44803376325217,1.538086802480071
2.3040221434808485e-11,1.0150339286498219e-10,104.49110290561639,3.48597578978447
6.87518194341313e-11,4.334701495597136e-10,183.2731204057166,2.511219368172424
6.835145642755086e-12,2.096605970164457e-10,203.49666675073368,6.400944788898731
4.5941137713911045e-11,1.0090848215955367e-10,87.94969599215113,2.4842043105993508
4.4541474696828386e-11,1.290159496526509e-10,113.09549726248925,3.2128727487452022
2.1690964268056635e-12,2.7997264078526984e-11,119.71773650940796,16.590050191910244
2.7983195600402455e-11,7.925739319744963e-11,83.1818467312811,2.829199881901388
4.550220425884186e-11,1.7041283994708484e-10,125.10429398341793,2.976380277531739
5.711323899670886e-12,3.908174935167993e-11,124.63325124913963,12.880720401535283
3.65249216383284e-11,1.0623048079063677e-10,117.56572802630403,4.216563330380868
6.26080194842453e-11,2.3031558134732524e-10,169.66186071782062,4.050339533510481
2.8771305061045233e-11,2.5976920151742745e-10,195.14979239020312,4.751107174490699
1.4106056300758718e-10,2.7292268712640217e-10,151.680709799155,2.7319161499852376
5.273051327460897e-11,1.3156455512227074e-10,148.15572921269273,5.406849719515796
1.2326226025598674e-10,5.350594805639645e-10,219.3177850959156,2.9133451431945674
9.882368580251182e-12,5.723241545186047e-11,82.72875518652252,3.875405963979923
8.814623986183389e-11,6.228571553370465e-10,184.65649289118122,1.7741364038972542
2.75075884170715e-12,1.8363098808610544e-11,102.41589144755571,18.511219368172423
1.5546790893558337e-11,6.106763101383982e-11,80.75271287601608,3.460584588131089
6.339143382876227e-11,4.1182304573015894e-10,157.866636706266,1.961175081192796
4.876047868863208e-13,2.223294882037759e-11,116.99195357732687,19.95084145261293
4.2901589257284424e-11,1.3653789219861883e-10,116.2413763970779,3.2071154413935634
7.951825522930568e-11,3.4945199243321e-10,175.5227372145601,2.857100679067021
1.3251555423903766e-11,2.0153589385007267e-10,189.4436081849833,5.771036315323295
3.3033127911776455e-11,9.327599167082066e-11,67.52102905991076,1.5839976380277532
6.571960298511097e-11,3.387275244377073e-10,119.40952844353434,1.3641865958074992
9.485107236860339e-13,1.9492405472928073e-11,110.71948389444522,20.381163271331562
7.997595342467869e-11,1.729517023489431e-10,112.30842598629553,2.363448479480366
6.500974091653153e-11,1.8575082095138192e-10,136.19143818447978,3.236049601417183
4.21771988241546e-11,6.143564788410164e-10,252.26657192554472,3.3569530558015943
9.634771112746692e-11,2.1300010311965752e-10,115.57917485201664,2.032477118393859
7.95202860810868e-11,2.4965165149659035e-10,147.92286017523176,2.8404192500738117
1.4478083347324363e-11,1.0064029486636755e-10,152.20157649039592,7.459551225273103
8.46681237196244e-12,5.970133516745522e-11,104.91551208642167,5.9750516681429
9.692483733879279e-11,9.187368239052591e-10,248.7905630310401,2.183348095659876
3.4030122185304267e-12,7.816144194469765e-11,150.77557253815556,9.425745497490404
3.172784661852375e-11,9.779439689666134e-11,121.30499252150437,4.876291703572483
8.030672799627305e-11,3.095895361226124e-10,190.54336864594237,3.8005609684086212
1.8837608238418696e-11,9.45387556954889e-11,135.87545205616306,6.3287570121051075
4.423773676697142e-11,1.2379591988513705e-10,104.90122748784438,2.880720401535282
5.974078273954131e-11,2.228467313164657e-10,147.2026541974564,3.1511662237968703
1.2960789193577212e-11,2.2291216332276965e-10,191.34182413927914,5.322704458222616
1.3824641869841048e-11,6.184968357624557e-11,79.6220867256834,3.321818718630056
6.553088943153065e-11,2.840579141920382e-10,145.14817383481522,2.40360200767641
1.3950817742516375e-11,7.760066990073114e-11,139.99051141200997,8.184233835252435
3.220190726513808e-11,1.0070702899585538e-10,115.05811655428344,4.260112193681724
7.463231264064944e-11,3.164866344710328e-10,183.14404543892186,3.4346028934160024
1.2152505017933587e-11,9.012181840699416e-11,138.86961902050558,6.934750516681429
2.940161495505727e-11,1.0655352221964635e-10,102.67106657894294,3.2060820785355775
9.673508411800702e-11,5.348557534373249e-10,185.82471850820417,2.0922645408916445
4.7555192704145605e-12,9.676380311144389e-11,154.9961542134848,8.045910835547684
3.3470726601704663e-10,4.23339624182092e-10,97.7508502131929,0.7314732801889577
9.842044963460137e-11,1.7460330008271503e-10,91.47203644718687,1.5529967522881607
1.1272924310768777e-09,2.028049486220009e-08,593.9752613084191,0.5637732506643047
4.175406660688789e-10,6.297704562516061e-10,169.89772056402168,1.4853852967227634
1.6329744871984663e-10,2.705983055017091e-10,161.17225352806145,3.111012695600827
2.498346411591976e-10,4.5456396706486084e-10,164.1183044507068,1.920283436669619
5.289868283312762e-10,6.365649827401236e-10,118.25901498923558,0.7119870091526425
9.156606925838938e-11,1.454559623430555e-10,91.77915219158541,1.876734573368763
1.1999571396464166e-09,2.7118575795468992e-08,634.4000856092858,0.48095659875996455
5.5474055345086334e-11,1.3652810318896997e-10,86.28764902408791,1.7673457336876293
7.851229853720537e-11,3.1624776682117925e-10,129.1415529179445,1.7090345438441097
1.6775793541368345e-12,6.468523208549825e-11,143.74619516940948,10.352229111307942
4.153330866936159e-11,1.156012992456999e-10,107.98749178878487,3.269117212872749
5.947677922136885e-11,2.2277055992239798e-10,151.6765671272128,3.346767050487157
2.56787171731842e-11,2.945699522545028e-10,194.39972404560766,4.157661647475642
7.710702357875703e-09,7.710702357875703e-09,286.6877606932026,0.3454384410983171
4.712516758262446e-10,4.712516758262447e-10,161.57836433988322,1.795394154118689
5.673683352657129e-09,5.680098560420496e-09,265.67725343939924,0.40271626808384997
8.509290740471328e-11,1.4880533209515803e-10,113.98610170887922,2.8296427516976674
9.015626198258338e-11,2.1105182959314066e-10,145.63354194756727,3.256716858576912
1.633471627893411e-10,7.469940801628264e-10,216.97136234232792,2.042367877177443
7.082052196332386e-11,1.6584733189397466e-10,125.4268675509818,3.0741068792441686
7.014661609145217e-11,2.0624559415083485e-10,156.23363072487973,3.8354000590493063
4.322473425259001e-11,1.9454948236678596e-10,153.70037599279703,3.9351933864777093
1.4168303344806137e-11,5.7218953850547573e-11,88.02224630236832,4.38824918807204
1.5321361707475187e-10,1.0112034977205639e-09,218.11304975926555,1.5246530853262472
4.1874395557130566e-10,8.826847742561061e-09,468.9332561720342,0.8073516386182463
3.6053304973834166e-11,8.854898182413498e-11,100.88590259968467,3.724977856510186
7.039632099921671e-11,2.2302736004001792e-10,149.7151012824171,3.257012105107765
1.896585198030114e-11,1.538045899314084e-10,156.12945391609173,5.1362562739887805
5.3993739592133376e-11,1.6615426739050954e-10,124.87189299575071,3.041334514319457
7.749762975477956e-11,3.037307641933408e-10,172.0540659048989,3.1585473870682024
3.1578539983799797e-11,2.4911762677089974e-10,174.84582989009596,3.9769707705934456
1.6685105982967158e-10,3.136019725327353e-10,143.2954719628898,2.1219368172423976
8.912710066273845e-11,1.8434077173430823e-10,144.7351842353388,3.682757602598169
1.5412039139921404e-10,3.528322663024859e-10,155.0460291351726,2.2080011809861233
1.2136624379215492e-10,2.0793226682639446e-10,87.30903377684096,1.188072040153528
8.294113043497117e-11,2.2045933536486724e-10,105.39871790724825,1.6330085621493948
6.80560833481997e-11,1.118288967480044e-09,278.28892428043434,2.2443165042810747
1.311463436311993e-11,7.827581412527813e-11,100.79103319252978,4.2059344552701505
7.253616746560388e-11,5.823479724022906e-10,200.84130334112274,2.2447593740773546
6.1458669294244346e-12,1.522164857993054e-10,169.8796489888307,6.144227930321819
6.14357118374197e-12,2.8238547142395674e-11,78.8198322117121,7.129760850310008
9.398251957129157e-11,5.982969975682061e-10,207.87845691373906,2.3407144966046647
1.132086459087176e-12,1.8174210468668942e-11,96.5150327894859,16.61042220253912
2.2482783509526514e-11,7.940347465442737e-11,81.1375019549425,2.686891054030115
7.762909319131022e-11,4.439516433340891e-10,155.39693090892524,1.7627694124594036
7.934856485401514e-13,2.952479471516876e-11,114.15413766627258,14.303513433717153
1.4733025342612854e-11,5.638024217043274e-11,88.87417622181397,4.5401535281960435
7.611361082050384e-11,4.0858348413635775e-10,173.2277979959611,2.3801299084735756
5.554187053371938e-12,9.193851040607846e-11,144.8395515718531,7.394744611750812
2.6357739376865355e-11,1.0522067071415831e-10,90.978418216915,2.549306170652495
6.790211232734903e-11,3.807983307617256e-10,151.54072587422576,1.954384410983171
5.3865532468014026e-12,1.8120518222301568e-10,177.57997036383105,5.639799232359019
3.39755240837049e-11,1.0814870155279979e-10,79.65988938589724,1.901535281960437
4.336904411048923e-11,1.9155763269867943e-10,113.38727483275451,2.1750811927959846
1.5070371310591527e-12,5.0437495800155114e-11,129.99901572967116,10.858576911721286
7.638619468085504e-12,3.983819379682594e-11,62.45580333163724,3.1731620903454387
4.760590600072663e-11,3.9512478266528054e-10,139.20299418427007,1.5893120755831118
1.5976340310875677e-13,1.2869394719739608e-11,93.39049405935604,21.963094183643342
2.518989628301657e-10,3.476647497620911e-10,91.7199093567174,0.7841747859462651
8.23440556130314e-11,1.7197327374830025e-10,91.09063288776524,1.563625627398878
3.398536960319241e-10,1.2132529900975425e-08,502.8349874742133,0.6753764393268379
1.0265214797211546e-11,5.949176108105422e-11,86.4074821013472,4.067168585769117
6.459280438967203e-11,5.575596054417516e-10,185.85290737262437,2.007676409802185
6.987135051648045e-13,2.2702135161904017e-11,104.50870452225433,15.591378801299085
1.716809237961074e-10,2.6493337341842216e-10,123.0236683380327,1.8513433717153824
8.678523507962832e-11,1.5401238200977077e-10,125.12389334607782,3.2943607912607025
1.8759955253568757e-10,5.159108549966251e-10,179.4000687981802,2.0217006200177146
1.021692705772805e-11,6.641721302104438e-11,72.12663451356799,2.538382049010924
5.013300038681706e-11,5.280517820571803e-10,152.67812125108742,1.4306170652494832
5.680928171403563e-13,5.27204732436694e-11,132.33725528905228,10.765426631237084
2.061269155154973e-11,9.043210436087242e-11,88.43199755184389,2.8024800708591675
6.369352609793053e-11,4.1789912923627585e-10,160.5755772383503,1.99955713020372
2.525285299514945e-12,8.513367564702379e-11,145.05504388578723,8.009595512252732
1.3732173306566681e-11,6.172660784714695e-11,79.27017026977012,3.299084735754355
6.641003470076795e-11,4.614481995066616e-10,162.6972954647616,1.8590197815175673
6.956447991318059e-13,2.5315569013880295e-11,107.01121259604741,14.659433126660764
1.126912559168782e-10,2.5533785784929634e-10,132.11262762056643,2.2152347209920284
9.322439947832745e-11,2.5017163163539594e-10,154.46146138315626,3.090640684971951
8.311400915591078e-11,3.753644155782534e-10,172.85301908598214,2.5795689400649544
4.592679475530172e-11,1.3138548473851606e-10,103.92173556632159,2.663861824623561
5.4913842861397445e-11,2.0942324393851383e-10,140.70761491701182,3.0637732506643047
1.9214657437298302e-11,2.447285157932999e-10,176.36573371604288,4.1189843519338645
2.353848994829639e-10,3.908967825903134e-10,142.3684215294537,1.6803956303513434
1.0763528216603987e-10,2.029854407607578e-10,140.02838409396958,3.130498966637142
1.6790723373204486e-10,3.6255079139364786e-10,149.1940175167438,1.989666371420136
1.0312358338752545e-11,5.89452648476718e-11,81.98678183876942,3.6956008266902867
1.0990021002427789e-10,6.516147593698384e-10,183.85415100775896,1.6811337466784766
5.2245459916150516e-12,4.4039415025253484e-11,115.03896753920877,9.738559196929435
1.0733889100023224e-10,2.513720142039356e-10,130.87720079745822,2.2082964275169767
8.249144150827316e-11,2.362885476707385e-10,154.34961245441488,3.267493356953056
5.1467106220628095e-11,2.364850629362418e-10,152.5538581987438,3.1892530262769414
1.5430797510456623e-11,6.603258553250141e-11,79.03895661778203,3.0659875996457044
6.979659524908382e-11,4.1088096281543434e-10,152.40462782305644,1.8320047239444939
3.980045374418062e-12,1.3273381782421203e-10,157.28080022805014,6.039710658399764
2.836715406319526e-11,1.127237509681715e-10,100.78272376864925,2.9201358134041926
5.507505621684484e-11,2.7188752484958146e-10,148.38929094125248,2.624594036020077
2.5950842052595255e-11,4.3598635237754165e-10,205.292755598404,3.132713315618542
3.469865450657159e-11,9.588970040729563e-11,75.00054950675174,1.9010924121641573
5.604844368985234e-11,2.119191460690594e-10,112.86959328224017,1.9481842338352526
3.3324708918902356e-12,9.512697056459043e-11,144.38256017712004,7.101860053144376
3.839696927864349e-12,3.1813306114386244e-11,55.997316402236414,3.194272217301447
3.556287671504992e-11,5.207451463819719e-10,145.81210098935045,1.3231473280188957
7.217533372535733e-14,9.816204985793945e-12,84.04209630134261,23.318275760259816
1.551219554699584e-11,6.521154104101604e-11,88.38989467548984,3.8826395039858284
6.95012068646225e-11,4.227703154452488e-10,174.86009881916422,2.343814585178624
3.770186090152517e-12,6.512447152883903e-11,125.81907230396591,7.877620312961322
1.340881103084313e-11,6.783937670378784e-11,77.16778524439522,2.844700324771184
5.6693318110987007e-11,4.479193756570075e-10,151.3714798731886,1.6578092707410688
2.8165689842515747e-12,1.254475003305035e-10,155.48419254207647,6.245349867139061
1.217987657539465e-11,5.22776966041198e-11,87.97396306519546,4.797756126365515
7.841322476713622e-11,4.986529001809024e-10,189.89358591597002,2.343519338647771
4.03461714613013e-12,5.055693611692399e-11,114.0440803048636,8.337023914968999
1.791276279995542e-11,9.055972552887706e-11,101.18652734606697,3.6640094478889877
7.35365097208886e-11,4.4988462430173613e-10,179.47479733352958,2.32034248597579
5.25724893384164e-12,8.282939957347134e-11,131.4829119815688,6.763950398582817
1.535045308582443e-11,6.908699094469246e-11,82.79635893927889,3.2156775907883084
3.847588463555108e-11,2.4543170316729444e-10,139.04078085482698,2.5527015057573075
5.719066200484124e-12,1.5530891367952646e-10,158.92515205737388,5.270298198996162
2.0190163593269733e-11,7.75957126093176e-11,69.08827219221736,1.9935045763212282
4.463588913768413e-11,3.0188636845520566e-10,123.89307002483811,1.647770888692058
1.865056054566076e-12,4.895837437368828e-11,120.56971996926141,9.622674933569531
1.9138393968488598e-11,7.610217909786013e-11,98.9325049643138,4.167995276055506
8.152554576746233e-11,4.4732792358899583e-10,188.71251463103565,2.5800118098612344
4.961543643932121e-12,4.320546934620968e-11,104.46963005262785,8.186300560968409
1.2636025752417963e-11,5.54810358080813e-11,61.44510603538732,2.205343962208444
3.6347906977877994e-11,2.377971713236382e-10,111.1732798396967,1.6843814585178625
6.756931018936486e-13,1.819431276836229e-11,94.20726049164439,15.808089754945378
2.7739502958964588e-11,9.304601413228862e-11,92.15052511170708,2.9576321228225564
7.925365219232975e-11,3.7050831035960303e-10,158.01417136395412,2.1839385887215825
3.929632817809056e-12,5.7815122787544524e-11,118.41820513127503,7.860348390906407
6.3855233417817546e-12,4.180363594212525e-11,73.59252663776398,4.198553291998819
7.606996218412723e-11,7.295034932811983e-10,185.92904614860794,1.5357248302332447
9.119711348767692e-13,3.6066160879544116e-11,111.21816993431572,11.114703277236492
2.6010301720001026e-11,9.216033454482747e-11,94.4752650784564,3.1386182462356067
4.908281272547915e-11,2.451953316308666e-10,144.57129176061304,2.76247416592855
3.1577876846330654e-12,4.0957390369979696e-11,107.98683792226964,9.226896958960733
3.153484057905069e-11,1.0145900349549086e-10,80.05254589741341,2.0469441984056687
4.521606871963156e-11,1.993815093418417e-10,117.71485361400326,2.2522881606141127
5.929040823080913e-12,1.615136770156942e-10,159.67220604350044,5.115589016829052
4.616621435345959e-11,8.94901220870667e-11,51.791054209285335,0.9713610865072336
5.5178787879667124e-11,1.6952134782886006e-10,78.21388734276096,1.1694715087097727
4.678139607966552e-13,1.6567516231241285e-11,91.95704585082481,16.540891644523178
7.897931235613862e-12,5.2369480941521064e-11,62.20215422482785,2.394301741954532
3.106144807430334e-11,2.747817518724915e-10,115.31127890142845,1.5682019486271037
1.067551860321282e-12,1.1250154511844778e-10,150.35973849270448,6.512547977561264
1.045962891132774e-11,5.792838215174626e-11,94.1901019955259,4.963241806908768
7.650609839915329e-11,5.77382604809543e-10,199.5751214865848,2.2356067316209036
3.743467244450207e-12,4.833441912760329e-11,111.24032650814634,8.296870386772955
5.051464874759381e-12,4.1753864280679816e-11,74.32173718806145,4.287274874520224
9.680567924226017e-11,1.0360700718559503e-09,199.11973739232522,1.2401830528491289
1.4802879732465978e-12,6.669731853538147e-11,127.69034322120933,7.922350162385592
3.038082521897494e-11,1.1257573936782968e-10,108.53183744604239,3.39090640684972
6.57396355741132e-11,3.1126472375487023e-10,166.1720353307614,2.8749630941836433
1.9991249034801085e-11,1.3881042058066535e-10,133.81482975243782,4.18054325361677
9.146284035315404e-12,7.081990383322091e-11,86.87658214639114,3.4537939179214643
7.446009904512328e-11,7.917783930265579e-10,195.29731167851227,1.5611160318866255
1.7950937442221633e-12,6.557005175734244e-11,125.59765991957485,7.796575140242101
8.551107293917582e-11,1.5483787494138588e-10,80.68953834449437,1.362710363153233
6.515084253460542e-11,1.7932912965044492e-10,102.2510305946409,1.8894301741954533
2.5708698118358807e-11,3.1685290826211476e-10,177.90273066577575,3.23708296427517
8.055807530999499e-12,6.000696592489161e-11,87.67860531872904,4.151756716858577
7.955831356313131e-11,8.163810897835013e-10,204.68480133010038,1.6631237082964276
1.6450850618600173e-12,4.3089112675458306e-11,110.53612076642067,9.189400649542367
2.7857020382717192e-11,8.34461603943533e-11,95.20619379823738,3.5202243873634482
5.833590178917592e-11,2.1648850331191628e-10,142.84413497823346,3.0544729849424272
2.223656484608535e-11,1.4532388028533048e-10,132.9345009160635,3.940803070563921
5.215213472893295e-12,4.2245926322479305e-11,65.274760752979,3.2685267198110424
1.6616715560507592e-10,1.8769990109804207e-09,211.20135217434125,0.7701505757307352
4.140911129384034e-13,2.08177883056173e-11,95.32790004453541,14.146589902568646
4.46219295066551e-11,1.0862953719257571e-10,99.07798412443178,2.9285503395335106
6.657498353689852e-11,2.033387154075085e-10,137.13038761891409,2.997047534691467
2.0795997545948935e-11,1.0375882926303421e-10,117.19648611947504,4.289932093297904
1.2973450395264554e-11,8.201783526400758e-11,87.737281929445,3.0416297608503102
7.478798689717372e-11,6.329609672288234e-10,177.27845889459468,1.6090935931502806
4.636460499228729e-12,1.443982468592928e-10,150.58258700273305,5.089016829052258
3.697860357184792e-12,3.4527816648210596e-11,60.64285519052514,3.4517271922054915
6.487753359972416e-11,9.475252762583484e-10,173.78232092778399,1.0329199881901387
9.43911049976347e-14,9.073013027055118e-12,77.81373196968013,21.62754650132861
1.7126288527922502e-11,6.847554668277505e-11,73.09932483803999,2.5289341600236197
4.359133574863433e-11,2.499823225599457e-10,123.54526721142592,1.9787422497785652
5.005898949285482e-12,1.5482864369452966e-10,153.45290385962895,4.928845586064364
3.773882209567667e-12,4.1728932586776676e-11,65.63585890029032,3.34573368762917
1.017821473582326e-10,1.5505587356861547e-09,200.87712183515467,0.8433717153823443
1.8109925981206997e-13,1.753422811266109e-11,90.91910805415881,15.278122232063772
8.817904631101958e-12,5.4934518924136716e-11,67.14755571112306,2.6598759964570418
4.62755380531042e-11,4.4534722070390805e-10,139.79267243011338,1.4220549158547389
4.722565872862627e-13,2.962497427857881e-11,102.6321930678447,11.522733982875701
8.696167633341485e-12,6.2483713745579e-11,93.83454043502361,4.566725715972837
9.442673458974569e-11,9.165078075388022e-10,223.3698033109802,1.7642456451136699
2.072986240301102e-12,3.5565826230667134e-11,101.31685882565213,9.353557720696783
2.921351806160048e-08,2.9213518061600482e-08,335.9263803731071,0.1251845290817833
2.828858762665417e-10,2.8288587626654175e-10,115.36338778640571,1.5246530853262472
1.9669551174878e-10,3.373656827845891e-10,126.87665541066305,1.5463537053439624
8.995816394635767e-11,1.742785620110875e-10,126.17914236491413,2.9605845881310895
1.3965396135724101e-10,2.907436205397967e-10,128.32087669111996,1.8354000590493063
1.0627330325908932e-11,4.745812060950371e-11,79.12683533877801,4.275465013286094
7.663810326015792e-11,5.083702974726121e-10,176.65455467832513,1.9893711248892825
2.00590399860553e-12,3.000131536301776e-11,95.46160035288541,9.843814585178624
5.564460808688608e-12,4.578784426211175e-11,74.05415372891444,3.8814585178624155
9.751108085266686e-11,1.1757415112896445e-09,209.56420599064697,1.210510776498376
4.975625901430311e-13,2.1685898260833582e-11,93.20435228689804,12.981989961617952
9.082646734325855e-12,5.1817700755044484e-11,72.46675448904213,3.284322409211692
6.606310314274292e-11,6.055740707748662e-10,167.86380970972016,1.507971656333038
5.28463911807466e-13,1.921859905264695e-11,89.8763398173115,13.621198700915265
1.8973017512712298e-12,2.8493206942476742e-11,59.3129638413829,4.00132860938884
5.945620332330206e-11,1.411772876286501e-09,196.36653782474,0.885149099498081
6.621212471341835e-14,8.642685140934384e-12,75.61323119340543,21.438441098317092
1.636326087049592e-11,7.608658012845671e-11,97.70789894971209,4.066282846176557
7.561633289800563e-11,4.549520754856554e-10,182.07752938935587,2.36152937702982
6.77521380217285e-12,5.716945717848242e-11,105.59032311153025,6.320194862710363
3.472483930126698e-12,4.2000359220582365e-11,68.10420650753095,3.5788308237378215
6.757331093348845e-11,1.2810690424821077e-09,197.8357052429498,0.9901092412164156
2.0693749203108533e-13,1.75849063409376e-11,89.22641508538074,14.672128727487452
5.922030067144152e-12,5.0068273119028e-11,70.33562445651906,3.202096250369058
7.156016082146332e-11,8.087168614135375e-10,174.79721894377397,1.2243873634484794
8.651542181364541e-13,5.1675605672557736e-11,115.62509266853104,8.384263359905521
3.033218482190404e-11,8.628571170149458e-11,88.57131364932492,2.946412754650133
5.643613922029735e-11,2.2307730305802007e-10,136.2807147669535,2.6981104222025394
1.281764668808724e-11,1.0869843967741781e-10,123.3061118559329,4.533067611455565
9.024196253993092e-12,5.4735319339397196e-11,79.30085008731297,3.7233540005904935
8.453258838385888e-11,7.681268428886395e-10,189.72086457920938,1.5186005314437554
1.9991829938870235e-12,5.051831817275256e-11,111.0722706127394,7.914230882787128
7.150717272830462e-12,6.462772653590091e-11,72.89980319132366,2.6648951874815467
6.862723865429901e-11,8.650594983705448e-10,175.29472969425453,1.1511662237968705
1.2080082698177533e-12,5.693171520196689e-11,118.16145966679034,7.947741364038972
1.426788582365265e-11,7.594903301633477e-11,76.09011436315014,2.470475346914674
5.533453629616705e-11,4.3989756996750734e-10,146.45462318563975,1.5801594331266609
7.822657785627864e-13,3.072107711303818e-11,100.01700803356219,10.55255388249188
2.9105725889918433e-12,3.652898759735189e-11,58.17233766681365,3.0022143489813997
3.5777763341109024e-11,6.49722135410983e-10,147.14819324981724,1.0800118098612341
4.858869345000357e-13,7.016343438028212e-11,126.2139631629266,7.357838795394155
1.3971135968568562e-12,1.7024015567073253e-11,50.854943611435175,4.923235901978152
7.404861899954101e-11,1.3937730330660412e-09,187.307739698641,0.8157661647475641
2.0120558395271057e-14,2.2002825832703354e-12,52.80359134141624,41.06716858576912
7.453056757802566e-12,6.434061723015143e-11,81.35023921027692,3.3333333333333335
7.148399536208783e-11,8.188422914162415e-10,186.2398059324398,1.3727487452022438
1.4878207189291482e-12,6.048179617371135e-11,117.99943190144221,7.4607322113965155
2.8921014687949565e-11,8.893145965540986e-11,94.5097062056532,3.254945379391792
7.430211919174741e-11,2.994455417625964e-10,152.2871243026714,2.5098907587835844
1.8135635334209417e-11,1.0286928947269267e-10,114.22956779255887,4.110717449069973
8.196246049201263e-12,4.5046012608711887e-11,51.72151814011983,1.9245645113669916
3.3565297746299687e-11,3.7627615139539825e-10,118.03191361020875,1.1998819013876587
6.125168232359551e-13,7.274645489275529e-11,125.75464613821003,7.045025095955123
6.235840684717194e-12,3.196372348221493e-11,55.27610375474518,3.0978742249778564
8.409840033089032e-11,3.7580786991972206e-10,128.77508323186584,1.4300265721877767
3.458697913807448e-12,4.79948637473451e-11,108.55807471213105,7.95748449955713
4.6768375019214205e-12,3.577982585281913e-11,72.99740044432353,4.826395039858282
1.207955853855889e-10,1.0185404423414838e-09,206.20995509642833,1.3529672276350753
1.4812781437508188e-12,2.278832677472948e-11,89.24223351814356,11.325952170062003
6.519565240815387e-12,3.9496512698589385e-11,55.84322592926683,2.5587540596397993
5.0803051233597445e-11,5.063307072164974e-10,131.57569341541577,1.1080602302922942
1.0300320590693074e-13,8.336071677818009e-12,72.38433990466649,20.369205786832005
9.433015683725195e-12,6.062922070341341e-11,84.9958095762514,3.8615293770298202
7.678283697619932e-11,6.680003927270441e-10,187.0401657519495,1.6972246826099793
2.735092051276412e-12,5.400591582649434e-11,109.32889632027263,7.172571597283731
2.9906586338060635e-11,1.0676892611649876e-10,93.85294539875353,2.6736049601417182
7.224012955716326e-11,3.424008933057507e-10,147.537418089045,2.0602302922940656
2.417436305303362e-11,2.501902096560881e-10,151.5323577778511,2.9743135518157664
9.730573082886713e-09,9.730573082886711e-09,252.29037568538388,0.21198700915264246
3.6340255368918303e-10,3.6340255368918313e-10,122.97094694670506,1.3485385296722763
1.4711455226705668e-08,1.4711455226705668e-08,279.7715137467699,0.17242397401830528
7.62642297074488e-12,5.19137842516412e-11,67.10982194427822,2.811485090050192
5.348575584256977e-11,5.874449995258066e-10,154.04609796824286,1.3091231178033658
7.056752306015922e-13,3.709007650905981e-11,102.89039830667588,9.249926188367287
5.918841508145842e-12,6.038388140603401e-11,69.95241958560337,2.6262178919397696
4.9274348080450136e-11,7.153477130609981e-10,162.4533045984677,1.1956008266902862
4.0599330018378723e-13,3.240632127184724e-11,100.18244838022332,10.036905816356658
4.66384217880306e-11,1.110696019990943e-10,91.52562143601136,2.4441984056687334
7.073440525535128e-11,2.1447765298944474e-10,126.82350965182587,2.4303218187186304
5.594083479116555e-11,3.2417876715200284e-10,149.42965506515225,2.232211396516091
2.9832103376102206e-09,2.983210337610221e-09,182.4276166676744,0.3615293770298199
2.942503138678659e-10,2.9425031386786586e-10,114.99614374024736,1.4564511366991437
9.129564785055111e-09,9.129564785055113e-09,241.2922145492883,0.20667257159728375
5.414282742623531e-10,5.414282742623529e-10,128.8536643457378,0.9937998228520815
1.5488701030805236e-11,6.204823245636765e-11,85.57283209309401,3.8246235606731624
6.199330680844397e-11,3.0925408316113375e-10,151.05296917738525,2.391054030115146
3.1455893985278035e-11,2.663473292130674e-10,148.52489497527898,2.684086211987009
7.323945067444488e-12,5.795170042203655e-11,85.10046106295134,4.049896663714201
9.094715387912179e-11,9.733599183847569e-10,207.0316973532161,1.427074106879244
3.173190392394714e-12,7.018210504467739e-11,115.44581343588035,6.154266312370829
3.972844250366045e-09,3.9838683468677116e-09,194.28461479198057,0.30705639208739294
3.598735258161439e-10,3.6045573164132834e-10,121.90696084335838,1.3361381753764394
2.9674336395500063e-09,2.971557905272567e-09,180.50298904588294,0.35532919988190137
8.067280550943165e-11,2.0310936242498404e-10,110.27650683445444,1.940360200767641
8.207899847272584e-11,2.418609682151323e-10,135.08485115316023,2.4450841452612933
5.695693921109165e-11,2.394078580179455e-10,130.62881762763294,2.3098612341304987
9.292835301937935e-12,3.342445693702137e-11,60.49598686658549,3.5484204310599354
6.293086087297359e-11,3.4498920247535496e-10,135.02205664215685,1.7125775022143488
1.6339472142338351e-12,3.594146747718013e-11,96.89214599872315,8.465013286093889
3.32802799335549e-12,2.6943789095988374e-11,53.6001177392821,3.4555653971065845
1.3035437780995495e-10,1.3601727632557378e-09,182.42269495436136,0.7928845586064364
5.405772630102406e-13,1.9238837278290493e-11,86.22612625545318,12.524062592264542
2.5492633723047248e-12,3.91011198114939e-11,67.29975646126621,3.7539120165338056
2.667400640089101e-11,6.344039991858766e-10,169.9699145890053,1.4757897844700325
5.210454748952124e-13,3.003562753908968e-11,96.5802594208607,10.06436374372601
1.508847402571263e-12,2.8608292921431757e-11,61.400858419674854,4.270741068792441
8.224635637250297e-11,2.1507284301923165e-09,221.3258008121522,0.7381163271331562
1.1791622645949204e-13,1.33808441733773e-11,79.47343707524847,15.297018010038382
2.7661892615554457e-12,3.4091875731909683e-11,60.861423060033395,3.5211101269560086
8.983685436000069e-11,1.727905079391654e-09,203.04717045313836,0.7732506643046945
1.6135035245744504e-13,1.4505445476037177e-11,80.82658929845718,14.595659875996457
2.91178976923179e-12,4.796709656523877e-11,65.31294202358191,2.8820490109241215
7.401832072052045e-11,1.7483744645750533e-09,199.55218327806523,0.7381163271331562
2.567034609099248e-13,3.3275154767271295e-11,99.8712402067449,9.714201358134043
2.3979407746125844e-11,8.40188591508437e-11,89.75067938124312,3.1070268674343073
6.896530876056984e-11,2.961170288334085e-10,144.02433344183856,2.270150575730735
1.8327104689223722e-11,1.3560959482580059e-10,121.95782438539665,3.554472984942427
2.6987861123695097e-11,8.229453904473608e-11,87.35678673597334,3.005166814289932
6.817996250754503e-11,2.61452814363814e-10,137.39763192124767,2.3399763802775317
2.3072097056837887e-11,1.4940166749809514e-10,122.40835106178358,3.2502214348981404
3.334341485569655e-12,3.8347460778189e-11,64.26897930755052,3.490699734278122
5.94622783535264e-11,1.0289420793086732e-09,181.54703033606233,1.038086802480071
2.9930014434732647e-13,2.2183712011983264e-11,89.32935188119014,11.657366400944788
6.090699947579341e-12,4.562934365367581e-11,67.00593835473018,3.188810156480661
7.183076062624729e-11,7.99268004605804e-10,169.79919995769814,1.1690286389134927
6.143162202567576e-13,2.7498204655348554e-11,93.00315885709301,10.193829347505167
2.6476746002651106e-12,3.148278900015078e-11,57.77939812893732,3.4365219958665487
8.98775005492728e-11,1.742477327911718e-09,199.21536170453797,0.7381163271331562
1.2879080943220412e-13,1.2514478119827822e-11,77.61482795525066,15.599940950693828
5.013037373939282e-12,5.1868139830991734e-11,65.68330198261751,2.6956008266902867
5.492171369704251e-11,8.270612559653647e-10,159.59840999625723,0.9980808975494538
2.5421036295477723e-12,2.060720174238614e-10,155.34522595524865,3.7950989075878363
1.9194027051184966e-11,6.375499596429394e-11,85.27122656950395,3.696043696486566
7.759013952505722e-11,3.2929943150373436e-10,154.2707068997655,2.342190729258931
8.7034121878677e-12,4.393034134917297e-11,86.25986146607667,5.489075878358429
1.9009791334884067e-11,7.310850791682259e-11,80.46323966411343,2.869943903159138
5.90755171488343e-11,3.3123438158524535e-10,139.0966850408929,1.8929731325656924
1.1884091680304967e-11,1.600352277112803e-10,133.88789529233458,3.630056096840862
4.431242977945438e-12,3.059474563478223e-11,66.47871961674805,4.681281369943903
6.009244085947333e-11,5.429901877129694e-10,164.21141134897724,1.6093888396811338
8.044543267592851e-13,2.0774675077624655e-11,83.9443824982674,10.992471213463242
2.5426569688745937e-12,3.117085130552165e-11,62.542267532525976,4.066725715972837
1.3230212881913676e-10,2.1969648527564182e-09,223.69218455698314,0.7381163271331562
2.3147750076816726e-13,1.5626353399042665e-11,80.69755840040084,13.505462060820786
1.8894436525543444e-13,1.8589057809743147e-11,55.825979806046945,5.433274284027163
1.7895410873939944e-11,2.4741000535800116e-09,237.38205523711437,0.7381163271331562
3.3038622018597414e-14,1.8098551074088485e-11,85.28196986216813,13.02317685267198
2.3741574458730057e-09,2.3741574458730053e-09,170.91150734541063,0.398730439917331
2.0580882856686218e-10,2.0580882856686218e-10,103.80585523585538,1.6967818128136993
2.635158263141389e-09,2.6351582631413895e-09,175.43515147708274,0.37850605255388253
3.784015024650988e-12,4.885752635173764e-11,74.30612625002259,3.6623855919692945
1.349779269609864e-10,2.248973420181281e-09,237.84532340697015,0.8151756716858577
1.0937587717274474e-12,5.921636181589113e-11,111.6375257517615,6.820637732506643
1.7043363230928367e-11,6.279279747785427e-11,84.39177521837708,3.675671685857691
7.29306239326789e-11,3.1329174284990977e-10,146.61217956240145,2.2235016238559195
1.207265773058209e-11,7.728652396030623e-11,102.05852044224314,4.367581930912312
1.804419232143346e-11,7.74298260001607e-11,90.27568246054015,3.410983170947741
6.980557921490186e-11,3.7221366525253833e-10,158.97044906880862,2.2003247711839387
8.568621641722812e-12,6.755811407630813e-11,101.59097263215138,4.950841452612932
7.505118869589336e-12,4.215102794628109e-11,69.95894587314535,3.76291703572483
6.335999865517244e-11,4.588772438363193e-10,153.20504107066998,1.6576616474756423
2.503828754565181e-12,5.485534960646668e-11,105.0290475699715,6.516976675524063
8.572841446934972e-12,4.9962759566317843e-11,52.067869205684794,1.7584883377620313
3.47592648382632e-11,2.4151929730212313e-10,98.59013226369692,1.3042515500442868
2.215721775335627e-12,4.6089902587454754e-11,103.41776431725648,7.520224387363448
1.74119243496037e-11,7.430151856096737e-11,82.81627404550561,2.9914378506052555
6.984045689026667e-11,3.9745534621636706e-10,149.9845845125287,1.834219072925893
1.6125770687750723e-11,2.0459398593896477e-10,140.1073115515158,3.109388839681134
1.249146499249001e-11,4.249048086094782e-11,72.68180676343931,4.029081783289046
7.880993206946624e-11,3.4930329229945994e-10,148.63219657886765,2.0496014171833483
4.726144473151996e-12,3.611875791068753e-11,85.44370136785481,6.550487156775907
5.584786787530231e-12,3.6548517746277744e-11,51.4551285843181,2.347652790079717
3.479889424088845e-11,4.457516164362293e-10,125.26630702323082,1.1408325952170062
1.170434784948919e-13,1.0563351580380266e-11,72.74548701874846,16.235163861824624
9.788373361415953e-09,9.788373361415951e-09,237.68283818589947,0.1870386772955418
3.722806649187317e-10,3.722806649187318e-10,117.64167068196677,1.2047534691467376
1.0508356938672393e-08,1.0524332124002922e-08,242.13900591130582,0.18054325361677
2.3040046902663785e-12,4.159790859583699e-11,62.742312064122345,3.0668733392382643
6.427916740977161e-11,1.5811201843086519e-09,189.7674394621499,0.7381163271331562
2.881342133587282e-13,3.753799230199982e-11,100.32626855801297,8.689695896073221
3.935062528196056e-12,3.209762909904869e-11,61.47342368000872,3.815470918216711
9.025743992506703e-11,1.1118577867520242e-09,183.66059614249647,0.983170947741364
2.4152447922824146e-13,1.0903272224410033e-11,72.00318865479095,15.4096545615589
8.335913083489445e-11,1.5457553035729528e-10,70.51613220911295,1.04251550044287
6.490160220519272e-11,2.042141088290121e-10,91.40788308129527,1.3259521700620018
9.936651978419599e-13,2.4918593520405992e-11,85.68955332767159,9.549453793917921
2.191320150098891e-11,8.389012364911903e-11,85.16882503667594,2.8021848243283145
5.292870172662295e-11,2.827121786441321e-10,138.596639469972,2.2019486271036315
1.1120722027998184e-11,1.1346919728152139e-10,117.3658780074219,3.9341600236197225
3.81554289781698e-12,2.1692560264487986e-11,43.47662206272624,2.823885444346029
1.28160413469921e-10,7.308960377926335e-10,135.77484623935894,0.8173900206672571
2.5272305410087547e-13,7.540373433372702e-12,65.54707221388874,18.465456155890166
8.264136380199436e-13,2.8224098956896722e-11,52.51434408548603,3.16651904340124
2.1710982962324864e-11,1.3013783055236875e-09,172.16348196224527,0.7381163271331562
4.269212241394715e-14,1.4296179547514545e-11,78.64004452559206,14.018895777974608
2.5892393933370025e-09,2.589239393337002e-09,166.37838402446346,0.3464718039563035
1.8867441714688002e-10,1.8867441714688005e-10,100.26040218902186,1.726601712429879
1.857753499193096e-09,1.8603925906678952e-09,159.68629645033937,0.44419840566873336
3.4325648363334714e-12,3.8237786851443006e-11,67.64292801480299,3.877915559492176
1.1049980636863227e-10,1.773037712598409e-09,219.1420364296446,0.8777679362267493
7.203703464728279e-13,3.442885122523007e-11,94.85946131022942,8.470032477118393
5.663899747125921e-12,5.061699134069762e-11,65.55267526300602,2.7512547977561264
8.360006502225441e-11,1.1177565182431582e-09,178.01748113092552,0.9188072040153528
4.937514350262145e-13,2.8611828668090255e-11,90.7330086850981,9.324623560673162
3.862414733757487e-12,3.371468175129893e-11,60.92466182417824,3.5679067020962503
6.147355425151456e-11,7.667271073111304e-10,166.17017147142286,1.1671095364629465
5.225141563726448e-13,1.779845740541951e-11,80.19508255933395,11.710067906702097
1.912167812640217e-11,7.388846787874693e-11,85.8508917190934,3.232654266312371
6.672818015471118e-11,3.192095936999618e-10,147.72487539167534,2.2155299675228814
1.2028375102679808e-11,8.24333895831452e-11,101.84351817330159,4.077649837614408
3.178348974256267e-12,2.950672185376149e-11,56.31627607219716,3.4833185710067904
9.768174004076186e-11,1.2619122299932006e-09,176.4933734999713,0.7999704753469148
8.896958752987047e-13,4.474562193701224e-11,102.17510109069188,7.561116031886625
1.0452623620819177e-11,7.943741269543263e-11,81.46635865064378,2.707558311189844
6.506178996065234e-11,6.490041580065951e-10,165.90246321542503,1.3743726011219368
1.952829108361697e-12,5.7235900987169026e-11,105.23007310893878,6.269855329199882
4.73098309237436e-09,4.73098309237436e-09,196.18720470589275,0.2636551520519634
3.131250032116949e-10,3.1312500321169483e-10,111.23023040730307,1.2804842043105993
5.97820964338677e-09,5.978209643386771e-09,208.01841028372814,0.23457336876291707
3.1672128314760534e-12,3.1031429083335196e-11,45.02251153551846,2.1169176262178917
1.671978570828523e-11,3.172246373356025e-10,105.82506895486503,1.144080307056392
4.482693499107887e-14,8.196631711418474e-12,67.29165160672108,17.903306761145558
8.370071175022472e-13,2.5179833986489008e-11,55.587799323529964,3.9769707705934456
4.064528722666665e-11,1.6411871112446127e-09,193.33848231019584,0.7381163271331562
1.3604793270230964e-13,3.03011702274438e-11,93.64479348093506,9.378948922350162
9.05598916669393e-12,6.185671205603776e-11,84.88149771043447,3.7747268969589607
8.174119262029396e-11,6.855231439997162e-10,185.54728927921587,1.6275465013286095
4.295706600001303e-12,6.116108070195241e-11,101.72561370402232,5.483170947741364
1.0740900657950207e-10,2.0284379425756843e-10,101.04075987714423,1.6310894596988486
7.5003185359038e-11,1.5204559865718139e-10,109.24053521970596,2.5435488633008565
9.602123925140442e-11,2.071712879415243e-10,105.02414110922078,1.725420726306466
3.531555820544507e-12,4.239539631253012e-11,64.26557313747401,3.1570711544139356
8.860779478623929e-11,1.4693856567904242e-09,190.67863435901958,0.801889577797461
2.452158884859042e-13,1.698492435072167e-11,79.262802849195,11.987304399173311
1.4240757828831662e-11,7.614931878638672e-11,71.35196083183926,2.1666666666666665
6.100550139188587e-11,4.24226093298455e-10,129.6917600370903,1.2849129022733983
2.00648929377687e-12,6.354994036749403e-11,107.73637342926672,5.919102450546206
5.7943817088218654e-12,3.6930904551738355e-11,60.31806024652275,3.192648361381754
5.793019623951183e-11,5.509951619599023e-10,146.73931276348287,1.2664599940950694
2.9873780404457467e-13,1.1442915694596303e-11,70.51637229203195,14.08281665190434
6.363794049703616e-13,2.7037151643563607e-11,59.019762740160665,4.175228816061411
3.338436687629456e-11,2.033654589579397e-09,215.21763360142984,0.7381163271331562
7.889885671931118e-14,1.8020591458607616e-11,81.4412545317567,11.927959846471804
4.994648166514068e-12,4.650166562007095e-11,64.86670858253002,2.9323885444346027
5.69016379495352e-11,8.45174768223767e-10,168.3662022816999,1.0869501033362858
4.080407432515039e-13,2.2151857433398363e-11,83.76651080151176,10.265426631237084
1.4696853828882314e-09,1.4696853828882314e-09,144.7798009875187,0.4622084440507824
9.275204637219433e-11,9.275204637219433e-11,81.73266756447939,2.3340714496604664
1.4883369154532572e-09,1.5042273205064413e-09,149.06801368498967,0.47874224977856505
1.8980014202886686e-12,2.3198173413178448e-11,47.183788036981134,3.1101269560082665
5.568090793139136e-11,1.1290731144828595e-09,160.3615662376325,0.7381163271331562
1.388427225976602e-13,1.8771935954805494e-11,81.70175861290363,11.523914968999115
